game_id,round_num,pov_won,win_amount
00039739,0,0,-1000
00039739,1,0,-8000
00039739,2,1,6000
00039739,3,0,-4000
00039739,4,0,-4000
00039739,5,1,5000
00039739,6,0,-4000
00039739,7,0,-1000
00039739,8,0,0
00039739,9,1,4000
00039739,10,0,0
00c3238d,0,0,-3000
00c3238d,1,0,-2000
00c3238d,2,0,-1000
00c3238d,3,0,-4000
00c3238d,4,0,-1000
00c3238d,5,0,0
00c3238d,6,1,3000
00c3238d,7,0,0
00c3238d,8,0,0
019f50e3,0,0,0
019f50e3,1,0,-4000
019f50e3,2,1,2000
019f50e3,3,0,-1000
019f50e3,4,0,0
019f50e3,5,0,0
019f50e3,6,1,8000
019f50e3,7,0,-2000
019f50e3,8,1,1000
019f50e3,9,0,-2000
019f50e3,10,0,0
034622ce,0,0,0
034622ce,1,0,0
034622ce,2,1,2000
034622ce,3,1,6000
034622ce,4,0,0
034622ce,5,0,-8000
034622ce,6,1,6000
034622ce,7,1,1000
034622ce,8,0,-3000
034622ce,9,1,11000
034622ce,10,0,0
034622ce,11,0,-12000
034622ce,12,0,0
03daeb30,0,0,0
03daeb30,1,1,19000
03daeb30,3,0,-4000
03daeb30,4,0,-3000
03daeb30,5,0,-1000
03daeb30,6,0,0
03daeb30,7,0,0
03daeb30,8,0,0
03daeb30,9,0,0
041598d8,0,0,0
041598d8,1,1,12000
041598d8,2,0,-2000
041598d8,3,1,2000
041598d8,4,1,4000
041598d8,5,0,-4000
041598d8,6,0,0
041598d8,7,0,-7000
041598d8,8,1,6000
041598d8,9,0,0
041598d8,10,0,0
041598d8,11,0,0
041f5cfc,0,1,12000
041f5cfc,1,1,12000
041f5cfc,2,1,2000
041f5cfc,3,0,-4000
041f5cfc,4,1,6000
041f5cfc,5,0,-2000
041f5cfc,6,0,0
04883e77,0,0,-1000
04883e77,1,1,9000
04883e77,2,0,0
04883e77,3,0,-4000
04883e77,4,0,0
04883e77,5,1,1000
04883e77,6,1,4000
04883e77,7,0,-6000
04883e77,8,1,1000
04883e77,9,0,-1000
04883e77,10,0,-4000
04883e77,11,1,8000
04883e77,12,0,0
048e5e4d,0,0,0
048e5e4d,1,0,-1000
048e5e4d,2,1,3000
048e5e4d,3,0,-8000
048e5e4d,4,0,-1000
048e5e4d,5,0,0
048e5e4d,6,0,-2000
048e5e4d,7,0,0
048e5e4d,8,0,0
04cb854e,0,0,0
04cb854e,1,0,-5000
04cb854e,2,0,-7000
04cb854e,3,0,0
04cb854e,4,1,8000
04cb854e,5,0,0
04cb854e,6,1,6000
04cb854e,7,0,-2000
04cb854e,8,0,-2000
04cb854e,9,0,0
04fd7d85,0,1,3000
04fd7d85,1,1,7000
04fd7d85,2,0,-4000
04fd7d85,3,0,0
04fd7d85,4,0,0
04fd7d85,5,0,0
04fd7d85,6,0,-5000
04fd7d85,7,0,0
04fd7d85,8,0,-6000
04fd7d85,9,0,0
0541873f,0,1,1000
0541873f,1,1,1000
0541873f,2,0,0
0541873f,3,1,11000
0541873f,4,0,0
0541873f,5,0,0
0541873f,6,0,-2000
0541873f,7,1,5000
0541873f,8,0,-4000
0541873f,9,0,0
0541873f,10,1,12000
0541873f,11,0,0
0588905f,0,0,-1000
0588905f,1,0,-7000
0588905f,2,1,6000
0588905f,3,0,-4000
0588905f,4,0,-5000
0588905f,5,0,0
0588905f,6,1,1000
0588905f,7,0,-1000
0588905f,8,0,0
0588905f,9,0,0
0645026e,0,1,3000
0645026e,1,0,0
0645026e,2,0,0
0645026e,3,0,0
0645026e,4,0,-1000
0645026e,5,0,0
0645026e,6,0,-5000
0645026e,7,1,18000
0645026e,8,1,12000
0645026e,9,0,-2000
0645026e,10,1,2000
0645026e,11,0,0
06bc31c1,0,0,-1000
06bc31c1,1,0,-4000
06bc31c1,2,1,2000
06bc31c1,3,1,14000
06bc31c1,4,1,12000
06bc31c1,5,0,-1000
06bc31c1,6,0,-2000
06bc31c1,7,0,-4000
06bc31c1,8,1,3000
06bc31c1,9,1,2000
06bc31c1,10,0,-6000
06bc31c1,11,0,-4000
06bc31c1,12,1,2000
06bc31c1,13,1,3000
06bc31c1,14,0,0
0911af75,0,0,-3000
0911af75,1,0,-1000
0911af75,2,0,-12000
0911af75,3,1,18000
0911af75,4,0,0
0911af75,5,0,0
0af0f5ae,0,0,0
0af0f5ae,1,0,-4000
0af0f5ae,2,0,-4000
0af0f5ae,3,1,4000
0af0f5ae,4,0,0
0af0f5ae,5,0,-8000
0af0f5ae,6,1,6000
0af0f5ae,7,1,1000
0af0f5ae,8,0,0
0af0f5ae,9,0,-2000
0af0f5ae,10,0,-3000
0af0f5ae,11,0,0
0af0f5ae,12,0,0
0b0f9f84,0,1,12000
0b0f9f84,1,0,-5000
0b0f9f84,2,0,-4000
0b0f9f84,3,0,-1000
0b0f9f84,4,0,-1000
0b0f9f84,5,0,0
0b0f9f84,6,1,3000
0b0f9f84,7,0,-2000
0b0f9f84,8,0,0
0b0f9f84,9,0,0
0b39789a,0,0,-7000
0b39789a,1,0,-1000
0b39789a,2,1,2000
0b39789a,3,0,0
0b39789a,4,0,0
0b39789a,5,1,2000
0b39789a,6,0,-4000
0b39789a,7,1,18000
0b39789a,8,0,-8000
0b39789a,9,1,12000
0b39789a,10,0,0
0c789a45,0,1,1000
0c789a45,1,0,-2000
0c789a45,2,0,-5000
0c789a45,3,0,0
0c789a45,4,0,0
0caf68cd,0,0,0
0caf68cd,1,0,-1000
0caf68cd,2,0,-2000
0caf68cd,3,0,-7000
0caf68cd,4,0,-7000
0caf68cd,5,1,19000
0caf68cd,6,0,-3000
0caf68cd,7,0,-5000
0caf68cd,8,0,0
0cf790ac,0,0,-1000
0cf790ac,1,0,-8000
0cf790ac,2,0,0
0cf790ac,3,0,-4000
0cf790ac,4,0,-4000
0cf790ac,5,1,3000
0cf790ac,6,1,4000
0cf790ac,7,0,0
0cf790ac,8,0,-1000
0cf790ac,9,0,0
0d0f0efc,0,1,1000
0d0f0efc,1,1,2000
0d0f0efc,2,0,-4000
0d0f0efc,3,0,0
0d0f0efc,4,0,0
0d0f0efc,5,0,-1000
0d0f0efc,6,0,0
0d0f0efc,7,0,-1000
0d0f0efc,8,1,4000
0d0f0efc,9,0,-4000
0d0f0efc,10,0,0
0dae556c,0,0,-6000
0dae556c,1,0,-3000
0dae556c,2,0,0
0dae556c,3,0,0
0dae556c,4,1,2000
0dae556c,5,1,1000
0dae556c,6,0,0
0dae556c,7,0,-6000
0dae556c,8,0,-3000
0dae556c,9,0,0
0e311ef7,0,1,1000
0e311ef7,1,0,0
0e311ef7,2,0,-4000
0e311ef7,3,1,1000
0e311ef7,4,1,8000
0e311ef7,5,0,-4000
0e311ef7,6,0,-8000
0e311ef7,7,0,-6000
0e311ef7,8,0,0
0e517b15,0,1,12000
0e517b15,1,0,-1000
0e517b15,2,1,9000
0e517b15,3,0,-2000
0e517b15,4,0,-2000
0e517b15,5,0,0
0e517b15,6,0,-1000
0e517b15,7,0,-1000
0e517b15,8,0,-2000
0e517b15,9,0,0
0e517b15,10,1,6000
0e517b15,11,1,8000
0e517b15,12,0,0
0e82a72d,0,0,0
0e82a72d,1,0,-4000
0e82a72d,2,0,-2000
0e82a72d,3,1,9000
0e82a72d,4,0,-1000
0e82a72d,5,0,-4000
0e82a72d,6,0,-2000
0e82a72d,7,1,12000
0e82a72d,8,1,7000
0e82a72d,9,1,2000
0e82a72d,10,0,0
0fcf49d3,0,1,1000
0fcf49d3,1,1,1000
0fcf49d3,2,1,13000
0fcf49d3,3,0,-9000
0fcf49d3,4,0,-4000
0fcf49d3,5,0,-2000
0fcf49d3,6,0,-2000
0fcf49d3,7,0,-1000
0fcf49d3,8,0,-1000
0fcf49d3,9,0,0
0fcf49d3,10,0,0
109ad58d,0,1,8000
109ad58d,1,0,0
109ad58d,2,0,-1000
109ad58d,3,0,-4000
109ad58d,4,0,-1000
109ad58d,5,0,-6000
109ad58d,6,0,-7000
109ad58d,7,0,-3000
109ad58d,8,0,0
109ad58d,9,0,0
118661f5,0,1,6000
118661f5,1,0,0
118661f5,2,1,4000
118661f5,3,1,14000
118661f5,4,0,-2000
118661f5,5,0,0
119a096b,0,1,13000
119a096b,1,0,-1000
119a096b,2,0,-2000
119a096b,3,0,0
119a096b,4,0,-2000
119a096b,5,0,-4000
119a096b,6,0,0
119a096b,7,0,0
119a096b,8,1,1000
119a096b,9,0,0
12018be5,0,0,0
12018be5,1,1,13000
12018be5,2,0,-1000
12018be5,3,0,-9000
12018be5,4,0,-2000
12018be5,5,0,0
12018be5,6,0,0
12018be5,7,0,0
12a0846a,0,0,0
12a0846a,1,0,-1000
12a0846a,2,0,-4000
12a0846a,3,0,-2000
12a0846a,4,1,12000
12a0846a,5,0,0
12a0846a,6,0,-2000
12a0846a,7,1,18000
12a0846a,8,1,3000
12a0846a,9,0,0
12a0846a,10,0,-1000
12a0846a,11,0,0
1323677e,0,0,-1000
1323677e,1,0,-7000
1323677e,2,1,11000
1323677e,3,0,0
1323677e,4,1,13000
1323677e,5,0,-1000
1323677e,6,0,-3000
1323677e,7,0,0
1323677e,8,1,12000
1323677e,9,0,0
1323677e,10,0,0
13413497,0,0,-1000
13413497,1,0,-1000
13413497,2,1,3000
13413497,3,1,4000
13413497,4,0,0
13413497,5,0,-4000
13413497,6,0,0
13413497,7,0,-4000
13413497,8,0,0
13413497,9,0,-1000
13413497,10,0,0
1344d9f3,0,1,5000
1344d9f3,1,0,-1000
1344d9f3,2,1,12000
1344d9f3,3,0,0
1344d9f3,4,1,2000
1344d9f3,5,0,-14000
1344d9f3,6,1,6000
1344d9f3,7,0,-1000
1344d9f3,8,0,-4000
1344d9f3,9,0,0
1344d9f3,10,0,-2000
1344d9f3,11,1,2000
1344d9f3,12,1,6000
1344d9f3,13,0,0
13c92a92,0,1,1000
13c92a92,1,0,0
13c92a92,2,1,1000
13c92a92,3,0,-2000
13c92a92,4,0,-1000
13c92a92,5,0,0
13c92a92,6,1,9000
13c92a92,7,0,-6000
13c92a92,8,0,-2000
13c92a92,9,0,-5000
13c92a92,10,1,5000
13c92a92,11,0,0
13c92a92,12,0,0
13f3a752,0,0,0
13f3a752,1,1,7000
13f3a752,2,1,25000
13f3a752,3,0,-1000
13f3a752,4,0,0
13f3a752,5,0,0
143cc5de,0,1,4000
143cc5de,1,1,4000
143cc5de,2,0,-9000
143cc5de,3,0,-1000
143cc5de,4,0,-1000
143cc5de,5,0,0
143cc5de,6,0,-2000
143cc5de,7,1,6000
143cc5de,8,1,12000
143cc5de,9,0,0
143cc5de,10,0,0
1458c3c7,0,0,-1000
1458c3c7,1,0,-1000
1458c3c7,2,0,-2000
1458c3c7,3,0,-4000
1458c3c7,4,1,1000
1458c3c7,5,0,-1000
1458c3c7,6,0,0
1458c3c7,7,0,-1000
1458c3c7,8,1,3000
1458c3c7,9,0,0
147d8b41,0,0,-4000
147d8b41,1,1,19000
147d8b41,2,0,0
147d8b41,3,0,0
147d8b41,4,0,-4000
147d8b41,5,1,1000
147d8b41,6,0,0
147d8b41,7,1,4000
147d8b41,8,0,0
147d8b41,9,0,-1000
147d8b41,10,0,0
1511383e,0,1,3000
1511383e,1,0,0
1511383e,2,0,-1000
1511383e,3,0,-7000
1511383e,4,0,0
1511383e,5,0,-1000
1511383e,6,1,12000
1511383e,7,0,-1000
1511383e,8,0,0
1511383e,9,0,0
15739bb6,0,0,0
15739bb6,1,0,0
15739bb6,2,0,0
15739bb6,3,1,2000
15739bb6,4,0,0
15739bb6,5,0,-4000
15739bb6,6,0,0
15739bb6,7,0,-6000
15739bb6,8,0,0
166eaab0,0,0,0
166eaab0,1,0,-1000
166eaab0,2,1,4000
166eaab0,3,0,-4000
166eaab0,4,0,0
166eaab0,5,0,0
166eaab0,6,0,0
166eaab0,7,0,-4000
166eaab0,8,1,4000
166eaab0,9,0,0
1674a9ce,0,0,-9000
1674a9ce,1,1,7000
1674a9ce,2,0,-2000
1674a9ce,3,1,14000
1674a9ce,4,0,0
169eea3d,0,1,12000
169eea3d,1,0,0
169eea3d,2,1,4000
169eea3d,3,0,0
169eea3d,4,0,0
169eea3d,5,0,0
16c9738d,0,0,-1000
16c9738d,1,0,-1000
16c9738d,2,1,12000
16c9738d,3,0,-1000
16c9738d,4,0,0
16c9738d,5,1,6000
16c9738d,6,0,-2000
16c9738d,7,0,-4000
16c9738d,8,0,0
16c9738d,9,0,0
17d74966,0,0,0
17d74966,1,1,2000
17d74966,2,0,0
17d74966,3,0,0
17d74966,4,0,-1000
17d74966,5,0,0
17d74966,6,1,12000
17d74966,7,0,-1000
17d74966,8,0,-4000
17d74966,9,0,0
17dc5a6d,0,0,0
17dc5a6d,1,0,0
17dc5a6d,2,0,-1000
17dc5a6d,3,0,-1000
17dc5a6d,4,0,-4000
17dc5a6d,5,1,9000
17dc5a6d,6,1,2000
17dc5a6d,7,1,1000
17dc5a6d,8,0,0
17f528a8,0,0,-9000
17f528a8,1,0,0
17f528a8,2,0,0
17f528a8,3,0,0
18acd77e,0,0,0
18acd77e,1,0,-8000
18acd77e,3,0,-1000
18acd77e,4,0,0
18acd77e,5,1,11000
18acd77e,6,0,0
18acd77e,7,0,0
18acd77e,8,0,-3000
18acd77e,9,0,0
18b5e719,0,0,0
18b5e719,1,1,3000
18b5e719,2,1,8000
18b5e719,3,0,-4000
18b5e719,4,1,6000
18b5e719,5,0,0
18b5e719,6,1,2000
18b5e719,7,1,13000
18b5e719,8,1,2000
18b5e719,9,0,-1000
18b5e719,10,0,0
18b5e719,11,1,4000
18b5e719,12,0,0
18b5e719,13,0,0
18b5e719,14,0,0
1929f2f0,0,0,-1000
1929f2f0,1,0,0
1929f2f0,2,0,-4000
1929f2f0,3,0,-6000
1929f2f0,4,0,-4000
1929f2f0,5,1,18000
1929f2f0,6,0,0
1929f2f0,7,0,0
1929f2f0,8,0,0
19d0da51,0,0,-5000
19d0da51,1,0,-8000
19d0da51,2,0,-1000
19d0da51,3,0,-1000
19d0da51,4,1,3000
19d0da51,5,1,4000
19d0da51,6,0,0
19d0da51,7,0,0
19d0da51,8,0,-4000
19d0da51,9,1,2000
19d0da51,10,0,0
1a0f1439,0,0,-1000
1a0f1439,1,0,-2000
1a0f1439,2,0,-6000
1a0f1439,3,1,6000
1a0f1439,4,1,1000
1a0f1439,5,0,-1000
1a0f1439,6,1,10000
1a0f1439,7,1,5000
1a0f1439,8,0,0
1a0f1439,9,0,-3000
1a0f1439,10,1,12000
1a0f1439,11,0,-4000
1a0f1439,12,0,0
1a5ad15f,0,0,0
1a5ad15f,1,1,6000
1a5ad15f,2,0,-3000
1a5ad15f,3,1,3000
1a5ad15f,4,0,-3000
1a5ad15f,5,0,0
1a5ad15f,6,0,-2000
1a5ad15f,7,0,-1000
1a5ad15f,8,1,7000
1a5ad15f,9,1,2000
1a5ad15f,10,0,-4000
1a5ad15f,11,0,0
1a5ad15f,12,0,0
1adc31f3,0,1,12000
1adc31f3,1,0,-2000
1adc31f3,2,1,18000
1adc31f3,3,1,3000
1adc31f3,4,0,-5000
1adc31f3,5,1,2000
1adc31f3,6,1,6000
1adc31f3,7,0,0
1adc31f3,8,1,6000
1adc31f3,9,0,-11000
1adc31f3,10,1,1000
1adc31f3,11,0,-1000
1adc31f3,12,0,0
1adc31f3,13,1,3000
1adc31f3,14,1,6000
1adc31f3,15,0,-13000
1adc31f3,16,1,12000
1adc31f3,17,0,0
1b0a4cba,0,0,0
1b0a4cba,1,0,0
1b0a4cba,2,0,0
1b0a4cba,3,1,3000
1b0a4cba,4,0,-2000
1b0a4cba,5,0,0
1b0a4cba,6,0,0
1b0a4cba,7,0,0
1b0a4cba,8,0,0
1b1eb867,0,0,-1000
1b1eb867,1,1,4000
1b1eb867,2,0,-6000
1b1eb867,3,0,0
1b1eb867,4,0,0
1b1eb867,5,1,3000
1b1eb867,6,0,0
1b1eb867,7,0,-3000
1b1eb867,8,0,-2000
1b1eb867,9,0,0
1b1eb867,10,1,5000
1b1eb867,11,0,0
1be2054f,0,0,-4000
1be2054f,1,1,1000
1be2054f,2,1,1000
1be2054f,3,1,7000
1be2054f,4,0,-2000
1be2054f,6,0,-1000
1be2054f,7,0,0
1be2054f,8,0,-4000
1be2054f,9,0,-3000
1be2054f,10,1,3000
1be2054f,11,0,-4000
1be2054f,12,0,0
1c6f5743,0,0,0
1c6f5743,1,0,-6000
1c6f5743,2,0,-4000
1c6f5743,3,1,1000
1c6f5743,4,0,-1000
1c6f5743,5,1,9000
1c6f5743,6,1,5000
1c6f5743,7,0,0
1c6f5743,8,0,0
1c855cbe,0,1,24000
1c855cbe,1,1,4000
1c855cbe,2,1,1000
1c855cbe,3,0,0
1c855cbe,4,1,1000
1c855cbe,5,0,-4000
1c855cbe,6,0,-8000
1c855cbe,7,0,0
1cce15a9,0,0,0
1cce15a9,2,0,0
1cce15a9,3,0,0
1cce15a9,4,0,-8000
1cce15a9,5,0,-1000
1cce15a9,6,0,-2000
1cce15a9,7,0,-1000
1cce15a9,8,0,0
1d43d9b8,0,0,0
1d43d9b8,1,0,0
1d43d9b8,2,0,-7000
1d43d9b8,3,1,3000
1d43d9b8,4,0,-7000
1d43d9b8,5,0,0
1d43d9b8,6,0,-6000
1d43d9b8,7,0,0
1d43d9b8,8,0,0
1d43d9b8,9,0,0
1e078238,0,0,-1000
1e078238,1,0,0
1e078238,2,0,-8000
1e078238,3,0,0
1e078238,4,0,0
1e078238,5,0,-2000
1e078238,6,1,3000
1e078238,7,0,-4000
1e078238,8,0,0
1e52bbc6,0,0,0
1e52bbc6,1,0,-17000
1e52bbc6,2,1,1000
1e52bbc6,3,0,-1000
1e52bbc6,4,1,4000
1e52bbc6,5,0,-2000
1e52bbc6,6,0,0
1e52bbc6,7,0,0
1eaa8212,0,0,-4000
1eaa8212,1,1,6000
1eaa8212,2,0,0
1eaa8212,3,0,0
1eaa8212,4,0,-4000
1eaa8212,5,1,1000
1eaa8212,6,1,8000
1eaa8212,7,0,0
1f344ba6,0,1,1000
1f344ba6,1,0,0
1f344ba6,2,0,0
1f344ba6,3,0,-3000
1f344ba6,4,1,3000
1f344ba6,5,0,-4000
1f344ba6,6,0,-4000
1f344ba6,7,0,0
1f344ba6,8,0,-4000
1f344ba6,9,0,0
1fa42868,0,0,0
1fa42868,1,0,-1000
1fa42868,2,0,-1000
1fa42868,3,0,-2000
1fa42868,4,0,0
1fa42868,5,0,-1000
1fa42868,6,0,0
1fa42868,7,0,0
219091a4,0,0,-2000
219091a4,1,0,0
219091a4,2,0,-1000
219091a4,3,0,-1000
219091a4,4,0,0
219091a4,5,1,12000
219091a4,6,0,0
219091a4,7,1,6000
219091a4,8,0,0
219091a4,9,0,0
21c58012,0,0,-4000
21c58012,1,0,-9000
21c58012,2,1,12000
21c58012,3,0,-4000
21c58012,4,0,-3000
21c58012,5,0,-1000
21c58012,6,0,-4000
21c58012,7,0,0
21c58012,8,0,0
21dd7dee,0,0,-4000
21dd7dee,1,1,3000
21dd7dee,2,0,0
21dd7dee,3,1,1000
21dd7dee,4,1,9000
21dd7dee,5,1,5000
21dd7dee,6,0,-4000
21dd7dee,7,0,0
21dd7dee,8,1,5000
21dd7dee,9,0,0
21dd7dee,10,1,8000
21dd7dee,11,0,-2000
21dd7dee,12,0,-1000
21dd7dee,13,0,0
2241545f,0,0,0
2241545f,1,0,0
2241545f,2,0,0
2241545f,3,0,0
2241545f,4,0,-8000
2241545f,5,1,2000
2241545f,6,1,4000
2241545f,7,0,-3000
2241545f,8,1,13000
2241545f,9,0,0
2241545f,10,0,0
23704b5d,0,1,3000
23704b5d,1,0,-1000
23704b5d,2,0,0
23704b5d,3,0,-2000
23704b5d,4,0,0
23704b5d,5,0,-1000
23704b5d,6,1,14000
23704b5d,7,0,0
23704b5d,8,0,-2000
23704b5d,9,0,-4000
23704b5d,10,0,0
2387c107,0,1,18000
2387c107,1,0,-1000
2387c107,2,1,1000
2387c107,3,0,-7000
2387c107,4,0,0
2387c107,5,0,0
2387c107,6,0,-1000
2387c107,7,0,0
2387c107,8,0,-4000
2387c107,9,0,0
24679e68,0,0,-3000
24679e68,1,0,0
24679e68,2,0,-1000
24679e68,3,0,-1000
24679e68,4,1,11000
24679e68,5,0,-4000
24679e68,6,1,1000
24679e68,7,0,-2000
24679e68,8,0,-6000
24679e68,9,1,1000
24679e68,10,1,8000
24679e68,11,0,0
24910dae,0,0,0
24910dae,1,1,2000
24910dae,2,0,-1000
24910dae,3,0,0
24910dae,4,0,0
24910dae,5,1,12000
24910dae,6,1,6000
24910dae,7,0,-2000
24910dae,8,0,0
24910dae,9,0,0
24910dae,10,0,0
256ef101,0,0,-3000
256ef101,1,0,-1000
256ef101,2,1,2000
256ef101,3,0,-2000
256ef101,4,0,-4000
256ef101,5,1,48000
256ef101,6,0,0
25804605,0,0,0
25804605,1,0,-4000
25804605,2,0,-1000
25804605,3,1,12000
25804605,4,1,8000
25804605,5,0,0
25804605,6,0,-3000
25804605,7,0,-2000
25804605,8,1,3000
25804605,9,1,1000
25804605,10,0,-9000
25804605,11,0,0
25d6e21b,0,0,-6000
25d6e21b,1,0,-2000
25d6e21b,2,0,-13000
25d6e21b,3,0,-5000
25d6e21b,4,0,0
25d6e21b,5,0,0
25d6e21b,6,0,-2000
25d6e21b,7,0,0
264fc046,0,0,-4000
264fc046,1,1,2000
264fc046,2,1,13000
264fc046,3,0,0
264fc046,4,0,0
26854e8c,0,1,1000
26854e8c,1,0,0
26854e8c,2,1,6000
26854e8c,3,0,0
26854e8c,4,1,12000
26854e8c,5,0,-1000
26854e8c,6,0,-6000
26854e8c,7,0,-3000
26854e8c,8,0,-4000
26854e8c,9,0,-1000
26854e8c,10,0,0
26d2f59c,0,0,-2000
26d2f59c,1,0,0
26d2f59c,2,0,-6000
26d2f59c,3,0,-1000
26d2f59c,4,0,-4000
26d2f59c,5,0,0
26d2f59c,6,0,-6000
26d2f59c,7,0,0
275b2d9d,0,1,18000
275b2d9d,1,0,-4000
275b2d9d,2,1,1000
275b2d9d,3,0,-1000
275b2d9d,4,1,16000
275b2d9d,5,0,-1000
275b2d9d,6,0,0
275b2d9d,7,0,-8000
275b2d9d,8,0,-1000
275b2d9d,9,0,0
279750a2,0,0,0
279750a2,1,0,-3000
279750a2,2,0,0
279750a2,3,0,0
279750a2,4,0,0
279750a2,5,0,-3000
279750a2,6,0,0
279750a2,7,0,0
279750a2,8,0,-2000
279750a2,9,0,0
281c3b3c,0,1,3000
281c3b3c,1,1,3000
281c3b3c,2,1,18000
281c3b3c,3,1,4000
281c3b3c,4,1,13000
281c3b3c,5,1,5000
281c3b3c,6,1,21000
281c3b3c,7,0,-2000
281c3b3c,8,0,0
285705bf,0,0,-3000
285705bf,1,0,-6000
285705bf,2,1,4000
285705bf,3,0,-1000
285705bf,4,0,-2000
285705bf,5,1,4000
285705bf,6,0,0
285705bf,7,1,4000
285705bf,8,0,0
285705bf,9,0,-16000
285705bf,10,0,0
28883830,0,0,0
28883830,1,0,-1000
28883830,2,0,0
28883830,3,0,-1000
28883830,4,0,-2000
28883830,5,1,3000
28883830,6,0,0
28883830,7,1,18000
28883830,8,0,-5000
28883830,9,0,0
28cb6d3d,0,0,0
28cb6d3d,1,0,-1000
28cb6d3d,2,0,-5000
28cb6d3d,3,0,0
28cb6d3d,4,1,10000
28cb6d3d,5,0,-3000
28cb6d3d,6,0,-6000
28cb6d3d,7,0,0
28cb6d3d,8,0,0
29b7b446,0,0,-1000
29b7b446,1,0,-2000
29b7b446,2,0,0
29b7b446,3,0,-1000
29b7b446,4,0,-8000
29b7b446,5,0,-6000
29b7b446,6,0,-1000
29b7b446,7,0,0
2a261053,0,0,-6000
2a261053,1,0,-8000
2a261053,2,1,1000
2a261053,3,0,0
2a261053,4,1,9000
2a261053,5,1,2000
2a261053,6,0,0
2a261053,7,0,-1000
2a261053,8,1,3000
2a261053,9,1,4000
2a261053,10,0,-10000
2a261053,11,0,0
2a261053,12,0,0
2a5b3310,0,1,12000
2a5b3310,1,1,3000
2a5b3310,2,0,-2000
2a5b3310,3,1,9000
2a5b3310,4,1,3000
2a5b3310,5,0,-1000
2a5b3310,6,0,-2000
2a5b3310,7,1,12000
2a5b3310,8,1,12000
2a5b3310,9,0,-8000
2a5b3310,10,0,0
2a5b3310,11,0,-5000
2a5b3310,12,0,0
2a5b3310,13,0,0
2a864a92,0,0,-1000
2a864a92,1,1,3000
2a864a92,2,1,6000
2a864a92,3,0,0
2a864a92,4,0,-1000
2a864a92,5,0,-2000
2a864a92,6,0,-4000
2a864a92,7,0,0
2a864a92,8,1,8000
2a864a92,9,1,3000
2a864a92,10,0,-2000
2a864a92,11,1,3000
2a864a92,12,0,0
2b186ac2,0,0,-1000
2b186ac2,1,0,-1000
2b186ac2,2,0,0
2b186ac2,3,0,-2000
2b186ac2,4,1,10000
2b186ac2,5,1,1000
2b186ac2,6,1,1000
2b186ac2,7,0,-2000
2b186ac2,8,0,0
2b186ac2,9,0,-2000
2b186ac2,10,0,0
2b50247a,0,0,-1000
2b50247a,1,1,8000
2b50247a,2,0,-3000
2b50247a,3,0,0
2b50247a,4,0,-2000
2b50247a,5,1,3000
2b50247a,6,0,0
2b50247a,7,1,4000
2b50247a,8,0,-10000
2b50247a,9,0,-2000
2b50247a,10,0,0
2c9c667d,0,1,6000
2c9c667d,1,1,2000
2c9c667d,2,1,8000
2c9c667d,3,1,3000
2c9c667d,4,1,7000
2c9c667d,5,0,-1000
2c9c667d,6,0,-6000
2c9c667d,7,0,-1000
2c9c667d,8,0,-1000
2c9c667d,9,1,6000
2c9c667d,10,1,3000
2c9c667d,11,0,-2000
2c9c667d,12,0,-2000
2c9c667d,13,0,-8000
2c9c667d,14,0,0
2ca12182,0,0,0
2ca12182,1,1,1000
2ca12182,2,0,0
2ca12182,3,0,-1000
2ca12182,4,0,0
2ca12182,5,0,-2000
2ca12182,6,0,-8000
2ca12182,7,1,3000
2ca12182,8,0,-2000
2ca12182,9,0,0
2ca12182,10,0,0
2d38d9e5,0,1,1000
2d38d9e5,1,0,-3000
2d38d9e5,2,0,0
2df2460c,0,0,-1000
2df2460c,1,0,-1000
2df2460c,2,1,8000
2df2460c,3,0,-1000
2df2460c,4,0,-2000
2df2460c,5,1,6000
2df2460c,6,0,-4000
2df2460c,7,0,-7000
2df2460c,8,0,0
2df2460c,9,0,0
2fe34ba3,0,1,1000
2fe34ba3,1,0,-8000
2fe34ba3,2,0,-6000
2fe34ba3,3,0,-3000
2fe34ba3,4,1,2000
2fe34ba3,5,1,2000
2fe34ba3,6,1,13000
2fe34ba3,7,0,-17000
2fe34ba3,8,0,-1000
2fe34ba3,9,0,0
2fe34ba3,10,0,0
300cec07,0,0,-5000
300cec07,1,0,-5000
300cec07,2,0,-6000
300cec07,3,0,-1000
300cec07,4,1,10000
300cec07,5,0,-3000
300cec07,6,0,-9000
300cec07,7,1,1000
300cec07,8,0,-4000
300cec07,9,0,0
3012a0aa,0,0,-5000
3012a0aa,1,0,0
3012a0aa,2,0,0
3012a0aa,3,1,19000
3012a0aa,4,0,0
3012a0aa,5,0,-1000
3012a0aa,6,0,0
3012a0aa,7,1,4000
3012a0aa,8,1,12000
3012a0aa,9,0,0
3012a0aa,10,0,0
3012a0aa,11,0,0
30606287,0,1,18000
30606287,1,0,0
30606287,2,1,12000
30606287,3,0,0
30606287,4,0,0
30606287,5,1,12000
30606287,6,0,0
30606287,7,0,0
30606287,8,0,-2000
30606287,9,1,1000
30606287,11,1,1000
30606287,12,0,-9000
30606287,13,0,0
315f902d,0,1,8000
315f902d,1,0,-4000
315f902d,2,0,-8000
315f902d,3,0,0
315f902d,4,0,-4000
315f902d,5,1,5000
315f902d,6,0,-2000
315f902d,7,0,-2000
315f902d,8,0,-1000
315f902d,9,0,0
31beef4c,0,1,2000
31beef4c,1,1,14000
31beef4c,2,0,0
31beef4c,3,0,0
31beef4c,4,1,4000
31beef4c,5,0,-1000
31beef4c,6,1,13000
31beef4c,7,0,0
3218c5e3,0,1,13000
3218c5e3,1,1,13000
3218c5e3,2,0,-1000
3218c5e3,3,1,2000
3218c5e3,4,0,0
3218c5e3,5,0,-4000
3218c5e3,6,0,0
3218c5e3,7,0,0
3218c5e3,8,0,0
3218c5e3,9,0,-1000
3218c5e3,10,1,8000
3218c5e3,11,0,0
323bbbad,0,1,3000
323bbbad,1,1,2000
323bbbad,2,1,12000
323bbbad,3,1,4000
323bbbad,4,1,1000
323bbbad,5,1,6000
323bbbad,6,0,-1000
323bbbad,7,0,0
323bbbad,8,0,-1000
323bbbad,9,0,-2000
323bbbad,10,0,-2000
323bbbad,11,1,2000
323bbbad,12,0,-3000
323bbbad,13,0,0
323bbbad,14,1,11000
323bbbad,15,0,0
32ccdc1a,0,0,-1000
32ccdc1a,1,0,-1000
32ccdc1a,2,0,-2000
32ccdc1a,3,0,-1000
32ccdc1a,4,0,-9000
32ccdc1a,5,0,0
32ccdc1a,6,0,-6000
32ccdc1a,7,1,2000
32ccdc1a,8,0,0
3365a805,0,0,-5000
3365a805,1,0,0
3365a805,2,1,1000
3365a805,3,0,-4000
3365a805,4,1,3000
3365a805,5,0,0
3365a805,6,0,-5000
3365a805,7,0,-4000
3365a805,8,1,12000
3365a805,9,0,0
3365a805,10,0,0
3365a805,11,0,0
337d2a8a,0,0,-5000
337d2a8a,1,1,8000
337d2a8a,2,0,0
337d2a8a,3,0,-4000
337d2a8a,4,0,0
337d2a8a,5,0,-8000
337d2a8a,6,0,-4000
337d2a8a,7,0,0
337d2a8a,8,0,-6000
337d2a8a,9,0,0
338b4a72,0,0,-2000
338b4a72,1,0,0
338b4a72,2,1,12000
338b4a72,3,0,0
338b4a72,4,0,-1000
338b4a72,5,0,-4000
338b4a72,6,0,-2000
338b4a72,7,1,12000
338b4a72,8,0,-4000
338b4a72,9,0,0
3471e3f3,0,0,-1000
3471e3f3,1,0,-5000
3471e3f3,2,0,-6000
3471e3f3,3,0,-2000
3471e3f3,4,1,1000
3471e3f3,5,0,0
3471e3f3,6,0,0
3471e3f3,7,0,0
3471e3f3,8,0,0
34baabb9,0,0,0
34baabb9,1,0,-1000
34baabb9,2,1,2000
34baabb9,3,0,-2000
34baabb9,4,0,-4000
34baabb9,5,1,2000
34baabb9,6,0,-1000
34baabb9,7,0,-8000
34baabb9,8,1,8000
34baabb9,9,0,0
34baabb9,10,0,0
35018002,0,1,4000
35018002,1,0,-1000
35018002,2,0,-4000
35018002,3,0,-5000
35018002,4,0,-1000
35018002,5,1,4000
35018002,6,1,1000
35018002,7,0,-1000
35018002,8,0,0
35018002,9,1,1000
35018002,10,0,0
35018002,11,0,0
3571e696,0,0,-1000
3571e696,1,0,-1000
3571e696,2,1,3000
3571e696,3,0,-4000
3571e696,4,1,12000
3571e696,5,0,0
3571e696,6,0,0
357efdb5,0,1,3000
357efdb5,1,1,1000
357efdb5,2,0,0
357efdb5,3,1,2000
357efdb5,4,0,-3000
357efdb5,5,0,-5000
357efdb5,6,1,9000
357efdb5,7,0,-1000
357efdb5,8,0,0
357efdb5,9,0,0
357efdb5,10,1,1000
357efdb5,11,0,-1000
357efdb5,12,0,0
357efdb5,13,0,0
357efdb5,14,0,0
35c28281,0,0,-8000
35c28281,1,0,-4000
35c28281,2,1,1000
35c28281,3,0,-4000
35c28281,4,0,0
35c28281,5,1,18000
35c28281,6,0,0
35c28281,7,0,-4000
35c28281,8,1,2000
35c28281,9,0,-6000
35c28281,10,0,0
36175f47,0,1,4000
36175f47,1,1,3000
36175f47,2,1,13000
36175f47,3,1,2000
36175f47,4,0,0
36175f47,5,0,-2000
36175f47,6,0,0
36175f47,7,0,-9000
36175f47,8,1,1000
36175f47,9,0,-1000
36175f47,10,0,-1000
36175f47,11,0,-4000
36175f47,12,0,0
378b44aa,0,0,-2000
378b44aa,1,1,6000
378b44aa,2,1,8000
378b44aa,3,0,0
378b44aa,4,0,-2000
378b44aa,5,1,1000
378b44aa,6,1,14000
378b44aa,7,0,-2000
378b44aa,8,1,3000
378b44aa,9,0,-1000
378b44aa,10,0,0
378b44aa,11,0,-3000
378b44aa,12,0,0
38549083,0,0,0
38549083,1,0,-1000
38549083,2,0,0
38549083,3,1,1000
38549083,4,0,-5000
38549083,5,1,4000
38549083,6,0,-2000
38549083,7,0,0
38549083,8,0,-2000
38549083,9,0,-4000
38549083,10,0,0
38549083,11,0,-2000
38549083,12,0,0
38a3325c,0,1,12000
38a3325c,1,0,-5000
38a3325c,2,0,0
38a3325c,3,0,-6000
38a3325c,4,0,-2000
38a3325c,5,1,4000
38a3325c,6,0,-2000
38a3325c,7,0,-2000
38a3325c,8,1,7000
38a3325c,9,0,-4000
38a3325c,10,1,4000
38a3325c,11,0,0
38e51af1,0,0,-1000
38e51af1,1,0,-2000
38e51af1,2,1,8000
38e51af1,3,0,0
38e51af1,4,0,0
38e51af1,5,0,0
38e51af1,6,0,0
38e51af1,7,0,-3000
38e51af1,8,0,-3000
38e51af1,9,1,2000
38e51af1,10,0,0
3a412a24,0,0,0
3a412a24,1,0,-4000
3a412a24,2,1,2000
3a412a24,3,0,-1000
3a412a24,4,1,6000
3a412a24,5,0,-4000
3a412a24,6,1,3000
3a412a24,7,1,5000
3a412a24,8,1,3000
3a412a24,9,0,-5000
3a412a24,10,0,0
3a412a24,11,1,7000
3a412a24,12,0,0
3a412a24,13,0,0
3aae67a1,0,0,-3000
3aae67a1,1,0,-2000
3aae67a1,2,0,-4000
3aae67a1,3,0,-7000
3aae67a1,4,1,6000
3aae67a1,5,1,3000
3aae67a1,6,0,0
3aae67a1,7,0,-3000
3aae67a1,8,0,-8000
3aae67a1,9,0,0
3abf0be7,0,1,1000
3abf0be7,1,1,10000
3abf0be7,2,0,-3000
3abf0be7,3,1,12000
3abf0be7,4,1,7000
3abf0be7,5,0,-5000
3abf0be7,6,0,0
3b2159a1,0,1,3000
3b2159a1,1,0,-3000
3b2159a1,2,1,1000
3b2159a1,3,1,16000
3b2159a1,4,0,-1000
3b2159a1,5,0,-3000
3b2159a1,6,1,12000
3b2159a1,7,0,-1000
3b2159a1,8,0,0
3b2159a1,9,1,3000
3b2159a1,10,1,13000
3b2159a1,11,0,-1000
3b2159a1,12,1,7000
3b2159a1,13,0,0
3bc80258,0,1,1000
3bc80258,1,0,-1000
3bc80258,2,0,-4000
3bc80258,3,0,-1000
3bc80258,4,1,13000
3bc80258,5,0,0
3bc80258,6,0,-6000
3bc80258,7,0,-4000
3bc80258,8,1,2000
3bc80258,9,0,0
3bc80258,10,0,0
3bd1f336,0,0,-9000
3bd1f336,1,0,-2000
3bd1f336,2,0,0
3bd1f336,3,1,3000
3bd1f336,4,1,25000
3bd1f336,5,0,0
3e64e23c,0,1,1000
3e64e23c,1,0,-8000
3e64e23c,2,0,-2000
3e64e23c,3,0,-2000
3e64e23c,4,1,7000
3e64e23c,5,0,-3000
3e64e23c,6,0,-4000
3e64e23c,7,0,-2000
3e64e23c,8,0,0
3e64e23c,9,0,0
3ecec88c,0,1,18000
3ecec88c,1,0,-5000
3ecec88c,2,0,-6000
3ecec88c,3,0,-2000
3ecec88c,4,0,0
3ecec88c,5,0,-6000
3ecec88c,6,0,0
3ecec88c,7,0,0
3ecec88c,8,0,0
40b1a78c,0,0,-1000
40b1a78c,1,1,8000
40b1a78c,2,0,-4000
40b1a78c,3,1,9000
40b1a78c,4,1,2000
40b1a78c,5,0,-4000
40b1a78c,6,1,7000
40b1a78c,7,0,-2000
40b1a78c,8,0,0
40b1a78c,9,0,0
40b1a78c,10,1,4000
40b1a78c,11,0,-4000
40b1a78c,12,1,1000
40b1a78c,13,0,0
40dad765,0,0,-1000
40dad765,1,1,4000
40dad765,2,1,2000
40dad765,3,0,0
40dad765,4,1,4000
40dad765,5,0,-7000
40dad765,6,0,0
40dad765,7,0,0
40dad765,8,0,-2000
40dad765,9,0,-2000
40dad765,10,0,0
40de0e08,0,0,-4000
40de0e08,1,0,-2000
40de0e08,2,0,-4000
40de0e08,3,1,1000
40de0e08,4,1,13000
40de0e08,5,1,14000
40de0e08,6,1,13000
40de0e08,7,0,-2000
40de0e08,8,0,0
40de0e08,9,1,3000
40de0e08,10,0,0
42533a22,0,0,-2000
42533a22,1,0,0
42533a22,2,0,-1000
42533a22,3,0,-8000
42533a22,4,0,-2000
42533a22,5,0,0
42533a22,6,0,0
42533a22,7,0,0
42533a22,8,0,0
4343ffbe,0,0,-1000
4343ffbe,1,1,6000
4343ffbe,2,0,0
4343ffbe,3,0,0
4343ffbe,4,1,2000
4343ffbe,5,1,5000
4343ffbe,6,0,-6000
4343ffbe,7,0,-1000
4343ffbe,8,0,-1000
4343ffbe,9,0,-2000
4343ffbe,10,1,2000
4343ffbe,11,0,0
43ac6f7a,0,1,1000
43ac6f7a,1,1,2000
43ac6f7a,2,0,0
43ac6f7a,3,1,3000
43ac6f7a,4,1,1000
43ac6f7a,5,1,7000
43ac6f7a,6,0,-4000
43ac6f7a,7,0,-3000
43ac6f7a,8,0,-6000
43ac6f7a,9,1,2000
43ac6f7a,10,1,6000
43ac6f7a,11,0,-1000
43ac6f7a,12,1,2000
43ac6f7a,13,1,10000
43ac6f7a,14,0,-5000
43ac6f7a,15,0,0
43ac6f7a,16,0,0
45099e86,0,0,0
45099e86,1,0,-4000
45099e86,2,0,-1000
45099e86,3,1,48000
45099e86,4,0,0
45099e86,5,0,0
450c0337,0,1,12000
450c0337,1,0,0
450c0337,2,1,4000
450c0337,3,0,-6000
450c0337,4,1,3000
450c0337,5,0,0
450c0337,6,0,-6000
450c0337,7,0,-13000
450c0337,8,1,3000
450c0337,9,0,0
450c0337,10,0,0
450c0337,11,0,0
457c76ab,0,0,-3000
457c76ab,1,0,-4000
457c76ab,2,0,0
457c76ab,3,0,-1000
457c76ab,4,0,-5000
457c76ab,5,1,19000
457c76ab,6,1,2000
457c76ab,7,1,4000
457c76ab,8,0,-2000
457c76ab,9,1,6000
457c76ab,10,1,4000
457c76ab,11,0,-3000
457c76ab,12,0,0
46204901,0,1,8000
46204901,1,1,3000
46204901,2,0,-6000
46204901,3,1,12000
46204901,4,0,0
46204901,5,0,-1000
46204901,6,1,2000
46204901,7,1,6000
46204901,8,0,-4000
46204901,9,0,-7000
46204901,10,0,0
47cc24f9,0,0,0
47cc24f9,1,0,0
47cc24f9,2,0,-4000
47cc24f9,3,0,-2000
47cc24f9,4,0,0
47cc24f9,5,0,0
486d2d9b,0,1,4000
486d2d9b,1,0,-4000
486d2d9b,2,0,0
486d2d9b,3,1,10000
486d2d9b,4,0,0
486d2d9b,5,0,0
486d2d9b,6,0,-1000
486d2d9b,7,1,13000
486d2d9b,8,1,13000
486d2d9b,9,0,0
486d2d9b,10,0,-5000
486d2d9b,11,0,-2000
486d2d9b,12,0,0
48c0632f,0,0,0
48c0632f,1,0,0
48c0632f,2,0,-6000
48c0632f,3,1,12000
48c0632f,4,1,8000
48c0632f,5,1,1000
48c0632f,6,0,-6000
48c0632f,7,1,2000
48c0632f,8,1,12000
48c0632f,9,0,-3000
48c0632f,10,0,-2000
48c0632f,11,0,0
48c0632f,12,0,-2000
48c0632f,13,0,0
49047dcd,0,0,0
49047dcd,1,0,-8000
49047dcd,2,1,6000
49047dcd,3,0,-4000
49047dcd,4,0,0
49047dcd,5,0,-12000
49047dcd,6,0,0
49047dcd,7,1,5000
49047dcd,8,1,7000
49047dcd,9,0,-2000
49047dcd,10,0,0
49a02272,0,0,-6000
49a02272,1,1,3000
49a02272,2,0,0
49a02272,3,0,0
49a02272,4,0,-2000
49a02272,5,0,0
49a02272,6,1,1000
49a02272,7,0,-4000
49a02272,8,0,0
49a02272,9,0,0
4a5ec1ef,0,0,-8000
4a5ec1ef,1,0,-2000
4a5ec1ef,2,0,-1000
4a5ec1ef,3,0,-1000
4a5ec1ef,4,0,-3000
4a5ec1ef,5,0,-1000
4a5ec1ef,6,0,-1000
4a5ec1ef,7,1,7000
4a5ec1ef,8,0,0
4b5431eb,0,0,0
4b5431eb,1,1,6000
4b5431eb,2,0,0
4b5431eb,3,1,11000
4b5431eb,4,1,4000
4b5431eb,5,0,-2000
4b5431eb,6,0,-1000
4b5431eb,7,0,-4000
4b5431eb,8,0,-1000
4b5431eb,9,0,0
4b5431eb,10,0,0
4d354e36,0,0,0
4d354e36,1,0,0
4d354e36,2,0,0
4d354e36,3,0,-2000
4d354e36,4,0,-1000
4d354e36,5,0,-1000
4d354e36,6,0,0
4d354e36,7,0,0
4d354e36,8,1,4000
4d354e36,9,1,4000
4d354e36,10,0,0
4ef8ad0c,0,0,-4000
4ef8ad0c,1,1,12000
4ef8ad0c,2,0,0
4ef8ad0c,3,0,0
4ef8ad0c,4,1,1000
4ef8ad0c,5,0,0
4ef8ad0c,6,0,-4000
4ef8ad0c,7,1,3000
4ef8ad0c,8,0,0
4ef8ad0c,9,1,1000
4ef8ad0c,10,1,7000
4ef8ad0c,11,0,0
4f4e8fa7,0,0,-5000
4f4e8fa7,1,0,-3000
4f4e8fa7,2,0,-1000
4f4e8fa7,3,1,2000
4f4e8fa7,4,0,-6000
4f4e8fa7,5,1,2000
4f4e8fa7,6,0,-3000
4f4e8fa7,7,0,-4000
4f4e8fa7,8,1,11000
4f4e8fa7,9,0,0
4f4e8fa7,10,0,0
4fb57d54,0,0,0
4fb57d54,1,0,-2000
4fb57d54,2,0,-4000
4fb57d54,3,1,12000
4fb57d54,4,0,-1000
4fb57d54,5,1,5000
4fb57d54,6,1,13000
4fb57d54,7,0,-4000
4fb57d54,8,0,-5000
4fb57d54,9,1,3000
4fb57d54,10,1,3000
4fb57d54,11,1,3000
4fb57d54,12,1,7000
4fb57d54,13,1,3000
4fb57d54,14,0,0
4fb57d54,15,0,0
500e06fb,0,1,12000
500e06fb,1,1,1000
500e06fb,2,0,-3000
500e06fb,3,0,0
500e06fb,4,0,-6000
500e06fb,5,0,0
500e06fb,6,1,2000
500e06fb,7,0,0
500e06fb,8,0,0
500e06fb,9,0,-8000
500e06fb,10,0,0
518e90f5,0,1,3000
518e90f5,1,0,0
518e90f5,2,0,-4000
518e90f5,3,0,0
518e90f5,4,1,1000
518e90f5,6,0,0
518e90f5,7,0,0
518e90f5,8,0,-1000
518e90f5,9,1,6000
518e90f5,10,0,0
518e90f5,11,0,-1000
518e90f5,12,1,6000
518e90f5,13,0,0
518e90f5,14,0,0
52480a82,0,1,18000
52480a82,1,0,-1000
52480a82,2,0,-6000
52480a82,3,1,6000
52480a82,4,0,-1000
52480a82,5,1,2000
52480a82,6,0,-3000
52480a82,7,0,-1000
52480a82,8,0,0
52480a82,9,1,10000
52480a82,10,1,13000
52480a82,11,0,0
52480a82,12,0,0
525a93c7,0,1,18000
525a93c7,1,0,-1000
525a93c7,2,1,3000
525a93c7,3,1,2000
525a93c7,4,0,-1000
525a93c7,5,0,-1000
525a93c7,6,0,-6000
525a93c7,7,0,0
525a93c7,8,1,3000
525a93c7,9,0,-1000
525a93c7,10,0,0
525a93c7,11,0,0
525c217d,0,1,3000
525c217d,1,0,0
525c217d,2,0,-4000
525c217d,3,1,1000
525c217d,4,0,0
525c217d,5,1,8000
525c217d,6,1,7000
525c217d,7,0,-3000
525c217d,8,1,2000
525c217d,9,1,6000
525c217d,10,1,4000
525c217d,11,0,-5000
525c217d,12,0,-5000
525c217d,13,1,1000
525c217d,14,1,1000
525c217d,15,0,0
525c217d,16,0,0
528fc51a,0,1,4000
528fc51a,1,0,-3000
528fc51a,2,0,-1000
528fc51a,3,0,0
528fc51a,4,0,-1000
528fc51a,5,0,0
528fc51a,6,0,-4000
528fc51a,7,0,-8000
528fc51a,8,0,0
52aae75b,0,0,0
52aae75b,2,0,-3000
52aae75b,3,1,10000
52aae75b,4,1,12000
52aae75b,5,1,3000
52aae75b,6,0,-2000
52aae75b,7,0,-3000
52aae75b,8,0,-1000
52aae75b,9,1,13000
52aae75b,10,0,0
52aae75b,11,0,-2000
52aae75b,12,0,0
5396b4fd,0,0,-1000
5396b4fd,1,1,19000
5396b4fd,2,0,-4000
5396b4fd,3,1,8000
5396b4fd,4,0,-2000
5396b4fd,5,0,-2000
5396b4fd,6,1,13000
5396b4fd,7,0,0
5396b4fd,8,0,0
5396b4fd,9,0,-1000
5396b4fd,10,0,0
53c0f96f,0,1,4000
53c0f96f,1,0,-3000
53c0f96f,2,0,0
53c0f96f,3,1,2000
53c0f96f,4,1,5000
53c0f96f,5,0,0
53c0f96f,6,0,-4000
53c0f96f,7,0,-7000
53c0f96f,8,0,-2000
53c0f96f,9,1,2000
53c0f96f,10,1,8000
53c0f96f,11,1,12000
53c0f96f,12,0,0
53c0f96f,13,1,12000
53c0f96f,14,0,-1000
53c0f96f,15,0,0
54f13bd5,0,1,12000
54f13bd5,1,0,-1000
54f13bd5,2,1,2000
54f13bd5,3,0,-2000
54f13bd5,4,1,13000
54f13bd5,5,0,0
54f13bd5,6,1,1000
54f13bd5,7,0,-8000
54f13bd5,8,0,0
54f13bd5,9,0,0
553a6eb6,0,0,0
553a6eb6,1,0,0
553a6eb6,2,0,-1000
553a6eb6,3,1,5000
553a6eb6,4,0,-1000
553a6eb6,5,0,-3000
553a6eb6,6,1,1000
553a6eb6,7,1,9000
553a6eb6,8,0,0
553a6eb6,9,0,0
553a6eb6,10,0,0
55e000d4,0,0,-4000
55e000d4,1,0,-4000
55e000d4,2,0,-5000
55e000d4,3,0,-2000
55e000d4,4,0,-6000
55e000d4,5,0,-1000
55e000d4,6,1,12000
55e000d4,7,1,2000
55e000d4,8,0,-6000
55e000d4,9,0,0
55e000d4,10,0,0
5605ac40,0,0,-2000
5605ac40,1,1,13000
5605ac40,2,1,18000
5605ac40,3,0,0
5605ac40,4,0,0
5616f965,0,0,-5000
5616f965,1,1,6000
5616f965,2,0,-2000
5616f965,3,0,-1000
5616f965,4,0,-4000
5616f965,5,0,-6000
5616f965,6,0,0
5616f965,7,0,-3000
5616f965,8,0,0
582cde2b,0,0,-8000
582cde2b,1,0,-4000
582cde2b,2,0,-1000
582cde2b,3,0,-3000
582cde2b,4,1,2000
582cde2b,5,0,-6000
582cde2b,6,0,0
582cde2b,7,1,1000
582cde2b,8,0,-3000
582cde2b,9,0,0
58328886,0,0,-5000
58328886,1,0,-1000
58328886,2,0,-1000
58328886,3,0,-4000
58328886,4,1,3000
58328886,5,0,0
58328886,6,1,3000
58328886,7,0,0
58328886,8,0,0
58328886,9,0,-1000
58328886,10,0,0
58328886,11,0,0
5866a854,0,0,0
5866a854,1,1,6000
5866a854,2,0,-4000
5866a854,3,0,-4000
5866a854,4,0,-1000
5866a854,5,1,19000
5866a854,6,0,-2000
5866a854,7,1,8000
5866a854,8,0,-2000
5866a854,9,0,-7000
5866a854,10,0,0
58d91fc5,0,0,-1000
58d91fc5,1,0,0
58d91fc5,2,0,-16000
58d91fc5,3,1,12000
58d91fc5,4,1,24000
58d91fc5,5,1,1000
58d91fc5,6,0,-6000
58d91fc5,7,0,0
59a4e673,0,0,-2000
59a4e673,1,0,0
59a4e673,2,1,1000
59a4e673,3,1,19000
59a4e673,4,0,0
59a4e673,5,0,-5000
59a4e673,6,0,-2000
59a4e673,7,1,3000
59a4e673,8,0,0
59a4e673,9,1,3000
59a4e673,10,0,-2000
59a4e673,11,0,0
5a93de08,0,0,-1000
5a93de08,1,0,-1000
5a93de08,2,0,-8000
5a93de08,3,0,-8000
5a93de08,4,1,1000
5a93de08,5,1,2000
5a93de08,6,0,-4000
5a93de08,7,0,0
5a93de08,8,0,0
5a93de08,9,0,-1000
5a93de08,10,0,0
5ae1ea3b,0,0,0
5ae1ea3b,1,0,-4000
5ae1ea3b,2,0,-1000
5ae1ea3b,3,1,10000
5ae1ea3b,4,0,-1000
5ae1ea3b,5,0,-1000
5ae1ea3b,6,0,-8000
5ae1ea3b,7,1,12000
5ae1ea3b,8,1,2000
5ae1ea3b,9,0,-2000
5ae1ea3b,10,1,1000
5ae1ea3b,11,0,0
5ae1ea3b,12,0,0
5b2fa6ab,0,0,0
5b2fa6ab,1,0,0
5b2fa6ab,2,1,20000
5b2fa6ab,3,1,7000
5b2fa6ab,4,0,-10000
5b2fa6ab,5,0,0
5b2fa6ab,6,0,-2000
5b2fa6ab,7,0,0
5b2fa6ab,8,0,0
5b2fa6ab,9,0,0
5b2fa6ab,10,1,2000
5b2fa6ab,11,0,0
5cb9ff4c,0,0,-3000
5cb9ff4c,1,0,0
5cb9ff4c,2,0,-4000
5cb9ff4c,3,0,-4000
5cb9ff4c,4,1,3000
5cb9ff4c,5,0,0
5cb9ff4c,6,0,-1000
5cb9ff4c,7,1,14000
5cb9ff4c,8,0,0
5cb9ff4c,9,0,0
5d2b4243,0,1,5000
5d2b4243,1,0,-7000
5d2b4243,2,0,0
5d2b4243,3,1,6000
5d2b4243,4,1,4000
5d2b4243,5,0,-4000
5d2b4243,6,0,0
5d2b4243,8,1,13000
5d2b4243,9,0,-5000
5d2b4243,10,1,11000
5d2b4243,11,0,-1000
5d2b4243,12,0,-2000
5d2b4243,13,0,0
5d38d057,0,1,2000
5d38d057,1,0,-4000
5d38d057,2,1,8000
5d38d057,3,1,2000
5d38d057,4,0,-4000
5d38d057,5,0,-4000
5d38d057,6,0,-5000
5d38d057,7,1,18000
5d38d057,8,0,0
5d92996a,0,1,8000
5d92996a,1,0,0
5d92996a,2,0,0
5d92996a,3,0,0
5d92996a,4,0,-1000
5d92996a,5,0,-2000
5d92996a,6,0,-4000
5d92996a,7,0,0
5d92996a,8,0,0
5d92996a,9,0,0
5daeb5c2,0,0,0
5daeb5c2,1,0,0
5daeb5c2,2,1,12000
5daeb5c2,3,0,0
5daeb5c2,4,0,0
5daeb5c2,5,0,0
5de866b1,0,0,-2000
5de866b1,1,0,0
5de866b1,2,0,-1000
5de866b1,3,0,0
5de866b1,4,0,-2000
5de866b1,5,1,18000
5de866b1,6,0,0
5de866b1,7,1,6000
5de866b1,8,0,-3000
5de866b1,9,1,12000
5de866b1,10,0,0
5e8a2bd5,0,0,-4000
5e8a2bd5,1,0,-2000
5e8a2bd5,2,1,13000
5e8a2bd5,3,1,4000
5e8a2bd5,4,0,0
5e8a2bd5,5,0,-3000
5e8a2bd5,6,0,-1000
5e8a2bd5,7,0,-2000
5e8a2bd5,8,0,-3000
5e8a2bd5,9,0,0
5f1e58cf,0,0,-2000
5f1e58cf,1,1,3000
5f1e58cf,2,1,1000
5f1e58cf,3,1,4000
5f1e58cf,4,0,-6000
5f1e58cf,5,0,0
5f1e58cf,6,1,9000
5f1e58cf,7,0,-1000
5f1e58cf,8,0,0
5f1e58cf,9,0,0
5f1e58cf,10,0,-4000
5f1e58cf,11,0,0
5f4883a4,0,0,0
5f4883a4,1,0,-1000
5f4883a4,2,0,0
5f4883a4,3,0,-1000
5f4883a4,4,0,-7000
5f4883a4,5,1,2000
5f4883a4,6,1,2000
5f4883a4,7,0,-9000
5f4883a4,8,1,2000
5f4883a4,9,0,0
5f4883a4,10,0,0
5f5e64f5,0,0,-1000
5f5e64f5,1,0,-1000
5f5e64f5,2,0,-1000
5f5e64f5,3,0,-6000
5f5e64f5,4,0,0
5f5e64f5,5,0,-1000
5f5e64f5,6,1,4000
5f5e64f5,7,0,0
5f5e64f5,8,1,12000
5f5e64f5,9,0,0
5fafe2cb,0,0,-3000
5fafe2cb,1,1,3000
5fafe2cb,2,1,1000
5fafe2cb,3,1,3000
5fafe2cb,4,0,-1000
5fafe2cb,5,1,4000
5fafe2cb,6,0,-2000
5fafe2cb,7,0,-6000
5fafe2cb,8,0,-1000
5fafe2cb,9,0,0
5fafe2cb,10,1,2000
5fafe2cb,11,1,3000
5fafe2cb,12,1,5000
5fafe2cb,13,0,0
5fafe2cb,14,0,0
6018dc74,0,1,3000
6018dc74,1,0,-6000
6018dc74,2,0,-6000
6018dc74,3,1,4000
6018dc74,4,0,-4000
6018dc74,5,1,3000
6018dc74,6,0,-5000
6018dc74,7,1,2000
6018dc74,8,0,0
6018dc74,9,0,-1000
6018dc74,10,0,-1000
6018dc74,11,0,0
604d934c,0,0,-4000
604d934c,1,0,-17000
604d934c,2,0,-1000
604d934c,3,0,-4000
604d934c,4,1,2000
604d934c,5,0,0
60864978,0,0,-1000
60864978,1,0,-2000
60864978,2,0,-1000
60864978,3,0,-3000
60864978,4,0,0
60864978,5,0,-2000
60864978,6,1,4000
60864978,7,0,-4000
60864978,8,0,0
61b86ad5,0,1,19000
61b86ad5,1,1,3000
61b86ad5,2,0,0
61b86ad5,3,0,-3000
61b86ad5,4,0,-4000
61b86ad5,5,0,-1000
61b86ad5,6,0,-4000
61b86ad5,7,0,-8000
61b86ad5,8,0,-2000
61b86ad5,9,0,0
62754105,0,1,13000
62754105,1,0,0
62754105,2,1,2000
62754105,3,0,0
62754105,4,0,0
62754105,5,0,-6000
62754105,6,1,2000
62754105,7,0,-4000
62754105,8,1,1000
62754105,9,0,-6000
62754105,10,0,-1000
62754105,11,0,0
62754105,12,0,0
628b19a4,0,1,19000
628b19a4,1,0,0
628b19a4,2,0,-1000
628b19a4,3,0,0
628b19a4,4,1,2000
628b19a4,5,0,-4000
628b19a4,6,1,2000
628b19a4,7,0,-4000
628b19a4,8,0,0
628b19a4,9,0,-1000
628b19a4,10,0,0
630d375d,0,1,3000
630d375d,1,0,0
630d375d,2,1,7000
630d375d,3,1,14000
630d375d,4,0,0
630d375d,5,0,-1000
630d375d,6,0,-6000
630d375d,7,0,-2000
630d375d,8,0,-1000
630d375d,9,0,-2000
630d375d,10,0,0
630d375d,11,0,0
646d0f60,0,0,-6000
646d0f60,1,0,0
646d0f60,2,0,-8000
646d0f60,3,1,4000
646d0f60,4,0,0
646d0f60,5,1,1000
646d0f60,6,1,5000
646d0f60,7,0,-9000
646d0f60,8,0,0
646d0f60,9,0,-2000
646d0f60,10,1,3000
646d0f60,11,1,12000
646d0f60,12,1,1000
646d0f60,13,0,0
64da4cab,0,0,-4000
64da4cab,1,0,-2000
64da4cab,2,0,-6000
64da4cab,3,0,-2000
64da4cab,4,0,-2000
64da4cab,5,0,-7000
64da4cab,6,0,0
64da4cab,7,0,0
654c39c9,0,0,-2000
654c39c9,1,0,0
654c39c9,2,0,-5000
654c39c9,3,0,0
654c39c9,4,1,13000
654c39c9,5,1,5000
654c39c9,6,0,0
654c39c9,7,0,-5000
654c39c9,8,0,-1000
654c39c9,9,0,0
654c39c9,10,0,0
65919f9a,0,1,3000
65919f9a,1,1,3000
65919f9a,2,1,2000
65919f9a,3,0,-1000
65919f9a,4,1,13000
65919f9a,5,0,0
65919f9a,6,0,-4000
65919f9a,7,1,2000
65919f9a,8,1,3000
65919f9a,9,0,0
65919f9a,10,0,0
65919f9a,11,1,8000
65919f9a,12,0,0
65e10253,0,1,8000
65e10253,1,1,4000
65e10253,2,0,0
65e10253,3,0,-2000
65e10253,4,0,-1000
65e10253,5,1,2000
65e10253,6,0,0
65e10253,7,0,0
65e10253,9,1,10000
65e10253,10,1,18000
65e10253,11,1,7000
65e10253,12,0,0
65e10253,13,1,7000
65e10253,14,0,-6000
65e10253,15,0,0
66007d7f,0,1,1000
66007d7f,1,0,-8000
66007d7f,2,0,-2000
66007d7f,3,0,0
66007d7f,4,1,13000
66007d7f,5,0,0
66007d7f,6,0,0
66007d7f,7,0,0
66007d7f,8,0,0
66007d7f,9,0,0
66007d7f,10,0,0
665caea7,0,1,3000
665caea7,1,0,-8000
665caea7,2,0,0
665caea7,3,0,0
665caea7,4,1,8000
665caea7,5,0,-5000
665caea7,6,0,-7000
665caea7,7,0,-1000
665caea7,8,0,0
665caea7,9,1,2000
665caea7,10,0,0
66d70e3d,0,1,7000
66d70e3d,1,1,6000
66d70e3d,2,1,13000
66d70e3d,3,0,0
66d70e3d,4,1,1000
66d70e3d,5,0,0
66d70e3d,6,0,0
6776ab65,0,1,2000
6776ab65,1,0,0
6776ab65,2,1,6000
6776ab65,3,0,-6000
6776ab65,4,0,-1000
6776ab65,5,0,0
6776ab65,6,0,-4000
6776ab65,7,0,0
6776ab65,8,0,-5000
6776ab65,9,0,0
678374a6,0,0,0
678374a6,1,1,7000
678374a6,2,1,3000
678374a6,3,0,-1000
678374a6,4,0,-7000
678374a6,5,1,6000
678374a6,6,1,7000
678374a6,7,0,-1000
678374a6,8,0,-4000
678374a6,9,0,-1000
678374a6,10,0,0
678374a6,11,1,15000
678374a6,12,0,0
678374a6,13,0,0
679c8bad,0,0,0
679c8bad,1,0,0
679c8bad,2,0,-2000
679c8bad,3,0,-2000
679c8bad,4,0,0
679c8bad,5,0,-4000
679c8bad,6,1,1000
679c8bad,7,0,-1000
679c8bad,8,1,4000
679c8bad,9,1,12000
679c8bad,10,0,-4000
679c8bad,11,0,0
67e4cf8d,0,0,0
67e4cf8d,1,0,-2000
67e4cf8d,2,0,0
67e4cf8d,3,0,-1000
67e4cf8d,4,0,-4000
67e4cf8d,5,0,0
67e4cf8d,6,0,-8000
67e4cf8d,7,0,0
6861c585,0,0,0
6861c585,1,0,-1000
6861c585,2,0,-1000
6861c585,3,1,2000
6861c585,4,0,-2000
6861c585,5,0,-5000
6861c585,6,0,-4000
6861c585,7,1,1000
6861c585,8,1,9000
6861c585,9,0,-3000
6861c585,10,0,0
6861c585,11,0,0
689130b6,0,0,-3000
689130b6,1,0,-1000
689130b6,2,1,6000
689130b6,3,1,19000
689130b6,4,0,0
689130b6,5,0,-3000
689130b6,6,0,0
689130b6,7,1,15000
689130b6,8,0,-2000
689130b6,9,0,-4000
689130b6,10,0,-8000
689130b6,11,1,12000
689130b6,12,0,0
692b6752,0,0,0
692b6752,1,0,0
692b6752,2,1,2000
692b6752,3,0,-4000
692b6752,4,0,-6000
692b6752,5,0,-1000
692b6752,6,0,-3000
692b6752,7,0,-5000
692b6752,8,0,0
6a098f59,0,1,9000
6a098f59,1,0,0
6a098f59,2,0,0
6a098f59,3,0,-9000
6a098f59,4,0,-1000
6a098f59,5,1,13000
6a098f59,6,0,-3000
6a098f59,7,0,0
6a098f59,8,1,13000
6a098f59,9,1,6000
6a098f59,10,1,13000
6a098f59,11,0,-4000
6a098f59,12,0,0
6a6d2f72,0,0,-12000
6a6d2f72,1,1,5000
6a6d2f72,2,0,-1000
6a6d2f72,3,1,13000
6a6d2f72,4,0,-3000
6a6d2f72,5,0,-4000
6a6d2f72,6,1,1000
6a6d2f72,7,0,0
6a6d2f72,8,0,-4000
6a6d2f72,9,0,0
6daa6975,0,0,-2000
6daa6975,1,0,0
6daa6975,2,1,12000
6daa6975,3,0,-4000
6daa6975,4,1,8000
6daa6975,5,1,3000
6daa6975,6,0,-6000
6daa6975,7,0,-4000
6daa6975,8,1,19000
6daa6975,9,0,-2000
6daa6975,10,1,2000
6daa6975,11,0,-1000
6daa6975,12,1,2000
6daa6975,13,0,0
6de3c3ab,0,0,0
6de3c3ab,1,0,-1000
6de3c3ab,2,0,-4000
6de3c3ab,3,0,-8000
6de3c3ab,4,1,12000
6de3c3ab,5,0,-2000
6de3c3ab,6,0,0
6de3c3ab,7,0,0
6de3c3ab,8,0,0
6eae27d4,0,0,-4000
6eae27d4,1,0,0
6eae27d4,2,0,-1000
6eae27d4,3,1,3000
6eae27d4,4,0,0
6eae27d4,5,0,0
6eae27d4,6,0,0
6eae27d4,7,0,-2000
6eae27d4,8,0,0
6ee355bd,0,0,-4000
6ee355bd,1,0,0
6ee355bd,2,0,0
6ee355bd,3,0,0
6ee355bd,4,1,12000
6ee355bd,5,0,-2000
6ee355bd,6,0,-3000
6ee355bd,7,0,0
6ee355bd,8,0,0
6f9f17a6,0,0,-8000
6f9f17a6,1,0,-4000
6f9f17a6,2,1,3000
6f9f17a6,3,0,-4000
6f9f17a6,4,0,-7000
6f9f17a6,5,0,-1000
6f9f17a6,6,0,0
6f9f17a6,7,0,-3000
6f9f17a6,8,0,0
6ffcd100,0,1,12000
6ffcd100,1,0,-1000
6ffcd100,2,1,1000
6ffcd100,3,1,5000
6ffcd100,4,0,-1000
6ffcd100,5,1,12000
6ffcd100,6,1,2000
6ffcd100,7,0,-3000
6ffcd100,8,1,3000
6ffcd100,9,0,0
6ffcd100,10,0,0
6ffcd100,11,0,-4000
6ffcd100,12,1,3000
6ffcd100,13,0,-2000
6ffcd100,14,1,2000
6ffcd100,15,0,0
70a50144,0,1,6000
70a50144,1,0,-1000
70a50144,2,0,-1000
70a50144,3,0,-6000
70a50144,4,1,8000
70a50144,5,0,0
70a50144,6,0,0
70a50144,7,1,3000
70a50144,8,1,1000
70a50144,9,0,-2000
70a50144,10,0,-1000
70a50144,11,0,0
714ae62d,0,0,0
714ae62d,1,0,0
714ae62d,2,0,-3000
714ae62d,3,0,0
714ae62d,4,0,0
714ae62d,5,0,0
714ae62d,6,0,-2000
714ae62d,7,0,-6000
714ae62d,8,1,12000
714ae62d,9,0,0
717118f0,0,1,12000
717118f0,1,0,-3000
717118f0,2,0,0
717118f0,3,0,0
717118f0,4,0,-1000
717118f0,5,1,6000
717118f0,6,0,-2000
717118f0,7,0,-1000
717118f0,8,0,0
717118f0,9,0,0
71a27810,0,0,-4000
71a27810,1,0,-3000
71a27810,2,1,13000
71a27810,3,0,-4000
71a27810,4,1,12000
71a27810,5,0,-4000
71a27810,6,0,0
71a27810,7,1,13000
71a27810,8,0,0
71a27810,9,0,0
71a27810,10,1,2000
71a27810,11,0,0
72941ed9,0,1,12000
72941ed9,1,0,-4000
72941ed9,2,0,-2000
72941ed9,3,0,0
72941ed9,4,0,0
72941ed9,5,1,13000
72941ed9,6,0,-1000
72941ed9,7,1,18000
72941ed9,8,1,9000
72941ed9,9,1,3000
72941ed9,10,1,3000
72941ed9,11,0,-3000
72941ed9,12,1,20000
72941ed9,13,0,0
72941ed9,14,1,6000
72941ed9,15,1,2000
72941ed9,16,1,4000
72941ed9,17,1,3000
72941ed9,18,0,0
72af560c,0,0,-4000
72af560c,1,1,1000
72af560c,2,0,0
72af560c,3,0,-8000
72af560c,4,1,2000
72af560c,5,0,-1000
72af560c,6,0,-3000
72af560c,7,1,2000
72af560c,8,1,6000
72af560c,9,1,5000
72af560c,10,0,-2000
72af560c,11,0,-5000
72af560c,12,0,0
72b254cd,0,0,-1000
72b254cd,1,0,-6000
72b254cd,2,1,1000
72b254cd,3,0,-1000
72b254cd,4,0,0
72b254cd,5,0,-6000
72b254cd,6,0,-4000
72b254cd,7,0,0
72b254cd,8,0,0
735b660b,0,0,-8000
735b660b,1,0,-1000
735b660b,2,0,0
735b660b,3,1,3000
735b660b,4,1,5000
735b660b,5,0,-9000
735b660b,6,1,12000
735b660b,7,0,0
735b660b,8,0,0
735b660b,9,1,3000
735b660b,10,0,0
735b660b,11,0,0
73a07db2,0,0,-1000
73a07db2,1,1,8000
73a07db2,2,0,0
73a07db2,3,0,0
73a07db2,4,1,19000
73a07db2,5,0,-3000
73a07db2,6,0,0
73a07db2,7,0,-3000
73a07db2,8,0,-16000
73a07db2,9,0,0
73a07db2,10,0,0
7516383f,0,0,0
7516383f,1,0,-4000
7516383f,2,0,-6000
7516383f,3,0,0
7516383f,4,0,0
7516383f,5,0,0
7516383f,6,1,13000
7516383f,7,0,-4000
7516383f,8,0,0
76b5ea1c,0,0,0
76b5ea1c,2,0,0
76b5ea1c,3,0,-1000
76b5ea1c,4,0,-2000
76b5ea1c,5,0,0
76b5ea1c,6,0,0
76b5ea1c,7,0,-4000
76b5ea1c,8,0,0
77155835,0,1,3000
77155835,1,0,0
77155835,2,0,-1000
77155835,3,1,13000
77155835,4,1,2000
77155835,5,0,0
78238741,0,0,-1000
78238741,1,1,2000
78238741,2,1,13000
78238741,3,0,-6000
78238741,4,1,12000
78238741,5,0,0
78238741,6,0,-1000
78238741,7,0,-5000
78238741,8,0,0
78238741,9,0,-2000
78238741,10,1,12000
78238741,11,0,0
783bc704,0,0,-4000
783bc704,1,0,-5000
783bc704,2,0,-1000
783bc704,3,0,0
783bc704,4,0,-1000
783bc704,5,1,2000
783bc704,6,1,2000
783bc704,7,0,0
783bc704,8,0,0
783bc704,9,0,-1000
783bc704,10,0,0
791f48ab,0,0,-4000
791f48ab,1,1,1000
791f48ab,2,0,0
791f48ab,3,1,2000
791f48ab,4,0,-4000
791f48ab,5,0,0
791f48ab,6,1,12000
791f48ab,7,1,3000
791f48ab,8,1,5000
791f48ab,9,0,0
791f48ab,10,0,-2000
791f48ab,11,0,0
791f48ab,12,1,1000
791f48ab,13,0,0
79fff974,0,1,1000
79fff974,1,0,0
79fff974,2,1,12000
79fff974,3,0,-1000
79fff974,4,1,3000
79fff974,5,0,-6000
79fff974,6,0,0
79fff974,7,0,-1000
79fff974,8,1,2000
79fff974,9,0,-2000
79fff974,10,0,0
79fff974,11,1,1000
79fff974,12,1,1000
79fff974,13,0,-1000
79fff974,14,1,11000
79fff974,15,0,0
7aadcbf4,0,0,0
7aadcbf4,1,1,2000
7aadcbf4,2,0,-1000
7aadcbf4,3,0,0
7aadcbf4,4,0,-4000
7aadcbf4,5,0,-9000
7aadcbf4,6,0,-1000
7aadcbf4,7,0,0
7aadcbf4,8,0,0
7b699ff8,0,0,-1000
7b699ff8,1,0,-4000
7b699ff8,2,1,13000
7b699ff8,3,0,-5000
7b699ff8,5,0,-4000
7b699ff8,6,0,-1000
7b699ff8,7,0,-4000
7b699ff8,8,0,-4000
7b699ff8,9,0,0
7b8872d0,0,0,-1000
7b8872d0,1,0,0
7b8872d0,2,1,3000
7b8872d0,3,0,-14000
7b8872d0,4,0,0
7b8872d0,5,1,7000
7b8872d0,6,1,12000
7b8872d0,7,0,0
7b903aad,0,1,3000
7b903aad,1,0,-2000
7b903aad,2,0,-1000
7b903aad,3,0,-3000
7b903aad,4,0,0
7b903aad,5,0,0
7b903aad,6,1,12000
7b903aad,7,1,2000
7b903aad,8,0,0
7b903aad,9,1,1000
7b903aad,10,0,-3000
7b903aad,11,0,0
7c067713,0,0,-12000
7c067713,1,0,0
7c067713,2,0,0
7c067713,3,0,-1000
7c067713,4,0,0
7c067713,5,0,0
7c067713,6,0,0
7c067713,7,1,1000
7c067713,8,1,8000
7c067713,9,0,-3000
7c067713,10,0,0
7c0ec636,0,0,-1000
7c0ec636,1,0,-4000
7c0ec636,2,1,1000
7c0ec636,3,1,2000
7c0ec636,4,1,7000
7c0ec636,5,0,-1000
7c0ec636,6,1,3000
7c0ec636,7,0,-1000
7c0ec636,8,0,0
7c0ec636,9,0,-3000
7c0ec636,10,1,2000
7c0ec636,11,0,-8000
7c0ec636,12,0,-8000
7c0ec636,13,0,-1000
7c0ec636,14,0,0
7c0ec636,15,0,0
7cbc35e3,0,0,-5000
7cbc35e3,1,0,-2000
7cbc35e3,2,0,-8000
7cbc35e3,3,0,0
7cbc35e3,4,0,-1000
7cbc35e3,5,1,10000
7cbc35e3,6,1,1000
7cbc35e3,7,0,-2000
7cbc35e3,8,0,-2000
7cbc35e3,9,1,6000
7cbc35e3,10,0,0
7d242c2b,0,0,0
7d242c2b,1,0,0
7d242c2b,2,0,-6000
7d242c2b,3,0,-6000
7d242c2b,4,1,2000
7d242c2b,5,0,-8000
7d242c2b,6,0,0
7d242c2b,7,0,-3000
7d242c2b,8,0,0
7d242c2b,9,0,0
7d6e9cf3,0,1,1000
7d6e9cf3,1,1,8000
7d6e9cf3,2,0,0
7d6e9cf3,3,1,12000
7d6e9cf3,4,0,-2000
7d6e9cf3,5,0,0
7d6e9cf3,6,0,0
7d6e9cf3,7,1,6000
7d6e9cf3,8,0,-2000
7d6e9cf3,9,1,12000
7d6e9cf3,10,1,12000
7d6e9cf3,11,0,-3000
7d6e9cf3,12,0,-3000
7d6e9cf3,13,0,0
7e1c21ef,0,0,-5000
7e1c21ef,1,1,1000
7e1c21ef,2,0,0
7e1c21ef,3,0,-4000
7e1c21ef,4,0,-4000
7e1c21ef,5,0,-6000
7e1c21ef,6,0,0
7e1c21ef,7,0,0
7e1c21ef,8,0,0
7e6ca18f,0,0,-1000
7e6ca18f,1,0,0
7e6ca18f,2,1,3000
7e6ca18f,3,1,3000
7e6ca18f,4,1,5000
7e6ca18f,5,1,9000
7e6ca18f,6,1,2000
7e6ca18f,7,0,0
7e6ca18f,8,0,0
7e6ca18f,9,0,-1000
7e6ca18f,10,0,-8000
7e6ca18f,11,0,-1000
7e6ca18f,12,1,2000
7e6ca18f,13,0,0
7e6ca18f,14,0,0
80029eb4,0,1,13000
80029eb4,1,0,0
80029eb4,2,1,5000
80029eb4,3,0,0
80029eb4,4,1,1000
80029eb4,5,0,0
80029eb4,6,1,3000
80029eb4,7,0,-5000
80029eb4,8,0,0
80029eb4,9,0,-4000
80029eb4,10,0,-4000
80029eb4,11,0,0
801e1474,0,1,13000
801e1474,1,0,0
801e1474,2,0,0
801e1474,3,1,1000
801e1474,4,0,-3000
801e1474,5,0,0
806fe927,0,1,6000
806fe927,1,0,0
806fe927,2,0,0
806fe927,3,0,-4000
806fe927,4,1,1000
806fe927,5,0,0
806fe927,6,1,12000
806fe927,7,0,-4000
806fe927,8,0,-1000
806fe927,9,0,-4000
806fe927,10,0,0
80c12e0a,0,1,8000
80c12e0a,1,1,19000
80c12e0a,2,0,0
8144b002,0,0,0
8144b002,1,0,-3000
8144b002,2,0,-2000
8144b002,3,0,0
8144b002,4,0,0
8144b002,5,0,0
8144b002,6,0,-8000
8144b002,7,0,0
82493e33,0,1,13000
82493e33,1,0,-1000
82493e33,2,0,-2000
82493e33,3,0,-2000
82493e33,4,0,0
82493e33,5,0,-4000
82493e33,6,0,-1000
82493e33,7,0,0
82493e33,8,1,3000
82493e33,9,0,0
83ff65a5,0,0,-2000
83ff65a5,1,0,-1000
83ff65a5,2,1,6000
83ff65a5,3,0,0
83ff65a5,4,0,0
83ff65a5,5,0,0
83ff65a5,6,1,12000
83ff65a5,7,0,-4000
83ff65a5,8,1,3000
83ff65a5,9,0,-5000
83ff65a5,10,0,0
84ac9a1e,0,0,-3000
84ac9a1e,1,0,-1000
84ac9a1e,2,1,12000
84ac9a1e,3,0,0
84ac9a1e,4,0,-4000
84ac9a1e,5,0,0
84ecaaf8,0,0,-5000
84ecaaf8,1,1,9000
84ecaaf8,2,1,4000
84ecaaf8,3,0,0
84ecaaf8,4,0,0
84ecaaf8,5,1,8000
84ecaaf8,6,0,-1000
84ecaaf8,7,1,2000
84ecaaf8,8,0,-4000
84ecaaf8,9,0,0
84ecaaf8,10,1,1000
84ecaaf8,11,0,0
84ecaaf8,12,0,0
85917b0f,0,0,0
85917b0f,1,0,0
85917b0f,2,1,12000
85917b0f,3,0,-4000
85917b0f,4,0,-4000
85917b0f,5,1,2000
85917b0f,6,0,-2000
85917b0f,7,1,2000
85917b0f,8,1,4000
85917b0f,9,0,0
85917b0f,10,1,13000
85917b0f,11,0,-1000
85917b0f,12,0,0
85917b0f,13,0,0
85b71b30,0,0,-4000
85b71b30,1,0,0
85b71b30,2,1,1000
85b71b30,3,1,14000
85b71b30,4,0,-3000
85b71b30,5,0,-2000
85b71b30,6,0,-2000
85b71b30,7,1,5000
85b71b30,8,0,-4000
85b71b30,9,0,-2000
85b71b30,10,0,0
862f9073,0,0,0
862f9073,1,0,0
862f9073,2,0,-4000
862f9073,3,0,-1000
862f9073,4,1,1000
862f9073,5,0,-8000
862f9073,6,0,0
862f9073,7,0,-4000
862f9073,8,0,0
862f9073,9,0,0
868b875e,0,0,-3000
868b875e,1,0,-7000
868b875e,2,0,-7000
868b875e,3,0,-1000
868b875e,4,0,0
868b875e,5,0,0
868b875e,6,0,-1000
868b875e,7,0,0
868bac07,0,0,-6000
868bac07,1,1,13000
868bac07,2,1,12000
868bac07,3,1,4000
868bac07,4,1,4000
868bac07,5,1,1000
868bac07,6,0,0
868bac07,7,0,0
86bd85d6,0,0,-8000
86bd85d6,1,0,-16000
86bd85d6,2,0,-6000
86bd85d6,3,0,0
87e2c896,0,0,-1000
87e2c896,1,1,13000
87e2c896,2,1,4000
87e2c896,3,0,-2000
87e2c896,4,0,-6000
87e2c896,5,0,0
87e2c896,6,0,-1000
87e2c896,7,0,-3000
87e2c896,8,0,-4000
87e2c896,9,0,0
883231ea,0,0,-1000
883231ea,1,0,0
883231ea,2,0,-1000
883231ea,3,0,0
883231ea,4,0,-2000
883231ea,5,0,-4000
883231ea,6,0,-1000
883231ea,7,0,0
8927dd19,0,0,-3000
8927dd19,1,0,-4000
8927dd19,2,1,1000
8927dd19,3,0,-4000
8927dd19,4,0,0
8927dd19,5,1,6000
8927dd19,6,0,0
8927dd19,7,0,0
8927dd19,8,0,-2000
8927dd19,9,0,0
899db936,0,0,0
899db936,1,1,12000
899db936,2,0,-4000
899db936,3,0,-2000
899db936,4,1,18000
899db936,5,1,4000
899db936,6,0,0
899db936,7,1,18000
899db936,8,0,-2000
899db936,9,0,-1000
899db936,10,0,0
899db936,11,0,0
89f061c8,0,0,-4000
89f061c8,1,1,2000
89f061c8,2,1,4000
89f061c8,3,0,-3000
89f061c8,4,0,0
89f061c8,5,1,7000
89f061c8,6,0,-6000
89f061c8,7,1,3000
89f061c8,8,0,-5000
89f061c8,9,0,-1000
89f061c8,10,0,-3000
89f061c8,11,0,0
8a297b14,0,0,-4000
8a297b14,1,0,-3000
8a297b14,2,0,-12000
8a297b14,3,0,-4000
8a297b14,4,0,-3000
8a297b14,5,0,-4000
8a297b14,6,1,4000
8a297b14,7,0,0
8a297b14,8,0,0
8b0a4109,0,1,12000
8b0a4109,1,0,0
8b0a4109,2,0,0
8b0a4109,3,0,-3000
8b0a4109,4,1,2000
8b0a4109,5,1,10000
8b0a4109,6,1,4000
8b0a4109,7,0,-2000
8b0a4109,8,0,-2000
8b0a4109,9,0,-1000
8b0a4109,10,0,0
8b19fffa,0,0,0
8b19fffa,1,1,12000
8b19fffa,2,1,9000
8b19fffa,3,0,-3000
8b19fffa,4,0,-2000
8b19fffa,5,1,3000
8b19fffa,6,0,-1000
8b19fffa,7,1,1000
8b19fffa,8,1,2000
8b19fffa,9,0,-4000
8b19fffa,10,1,7000
8b19fffa,11,0,0
8b393dbf,0,1,1000
8b393dbf,1,0,-2000
8b393dbf,2,0,-1000
8b393dbf,3,0,-2000
8b393dbf,4,0,-2000
8b393dbf,5,0,-8000
8b393dbf,6,0,0
8b393dbf,7,1,3000
8b393dbf,8,0,-1000
8b393dbf,9,0,-3000
8b393dbf,10,0,0
8b52e392,0,0,-1000
8b52e392,1,0,-8000
8b52e392,2,0,0
8b52e392,3,0,0
8b52e392,4,0,-8000
8b52e392,5,1,18000
8b52e392,6,0,0
8b52e392,7,1,19000
8b52e392,8,0,0
8b52e392,9,1,3000
8b52e392,10,0,0
8be0469b,0,1,3000
8be0469b,1,0,-1000
8be0469b,2,0,0
8be0469b,3,0,-12000
8be0469b,4,0,-7000
8be0469b,5,0,-6000
8be0469b,6,0,0
8be0469b,7,0,-6000
8be0469b,8,0,0
8be0be3a,0,0,-1000
8be0be3a,1,0,-1000
8be0be3a,2,0,-3000
8be0be3a,3,1,1000
8be0be3a,4,1,9000
8be0be3a,5,0,0
8be0be3a,6,0,0
8be0be3a,7,0,-6000
8be0be3a,8,0,-5000
8be0be3a,9,0,0
8c2fef1d,0,1,8000
8c2fef1d,1,0,0
8c2fef1d,2,0,-2000
8c2fef1d,3,0,-2000
8c2fef1d,4,0,-3000
8c2fef1d,5,0,0
8c2fef1d,6,0,0
8c2fef1d,7,1,7000
8c2fef1d,8,0,0
8c2fef1d,9,0,0
8c4f7426,0,1,12000
8c4f7426,1,0,0
8c4f7426,2,0,-3000
8c4f7426,3,0,-4000
8c4f7426,4,1,3000
8c4f7426,5,1,1000
8c4f7426,6,0,-2000
8c4f7426,7,1,2000
8c4f7426,8,0,-4000
8c4f7426,9,0,0
8c4f7426,10,0,0
8c4f7426,11,1,3000
8c4f7426,12,1,3000
8c4f7426,13,1,9000
8c4f7426,14,0,0
8c4f7426,15,1,2000
8c4f7426,16,0,0
8ced0004,0,0,-1000
8ced0004,1,1,8000
8ced0004,2,0,-9000
8ced0004,3,0,-2000
8ced0004,4,0,-1000
8ced0004,5,0,-4000
8ced0004,6,0,-8000
8ced0004,7,0,-12000
8ced0004,8,0,0
8ced0004,9,0,0
8dd42d0a,0,0,-1000
8dd42d0a,1,1,13000
8dd42d0a,2,1,1000
8dd42d0a,3,1,7000
8dd42d0a,4,0,-4000
8dd42d0a,5,0,0
8dd42d0a,6,0,-4000
8dd42d0a,7,0,-1000
8dd42d0a,8,0,-1000
8dd42d0a,9,0,0
8dd42d0a,10,0,0
8dd42d0a,11,0,0
8dd42d0a,12,0,0
8f6606d1,0,0,-6000
8f6606d1,1,1,1000
8f6606d1,2,0,0
8f6606d1,3,0,-2000
8f6606d1,4,0,-3000
8f6606d1,5,0,0
8f6606d1,6,0,0
8f6606d1,7,0,-2000
8f6606d1,8,0,0
8fb74377,0,0,-3000
8fb74377,1,0,-2000
8fb74377,2,1,8000
8fb74377,3,0,-3000
8fb74377,4,0,0
8fb74377,5,0,0
8fb74377,6,0,-5000
8fb74377,7,0,-2000
8fb74377,8,0,0
8fe07cea,0,0,-4000
8fe07cea,1,1,1000
8fe07cea,2,1,5000
8fe07cea,3,1,4000
8fe07cea,4,0,-10000
8fe07cea,5,0,-5000
8fe07cea,6,0,-4000
8fe07cea,7,1,2000
8fe07cea,8,0,-6000
8fe07cea,9,0,0
8fe07cea,10,1,6000
8fe07cea,11,0,-9000
8fe07cea,12,0,0
903f6bb2,0,0,0
903f6bb2,1,0,-8000
903f6bb2,2,0,-4000
903f6bb2,3,0,-4000
903f6bb2,4,0,-1000
903f6bb2,5,1,3000
903f6bb2,6,0,-9000
903f6bb2,7,0,-4000
903f6bb2,8,0,0
90a56b56,0,1,3000
90a56b56,1,1,8000
90a56b56,2,0,0
90a56b56,3,0,-1000
90a56b56,4,0,-4000
90a56b56,5,1,7000
90a56b56,6,1,9000
90a56b56,7,0,0
9149197c,0,1,12000
9149197c,1,0,-5000
9149197c,2,0,0
9149197c,3,0,0
9149197c,4,0,-2000
9149197c,5,0,-6000
9149197c,6,0,0
9149197c,7,0,0
9149197c,8,1,3000
9149197c,9,0,0
91b800c5,0,1,1000
91b800c5,1,0,-2000
91b800c5,2,0,-1000
91b800c5,3,0,-4000
91b800c5,4,0,0
91b800c5,5,0,-1000
91b800c5,6,0,-1000
91b800c5,7,0,-4000
91b800c5,8,0,0
91d3510e,0,0,-6000
91d3510e,1,0,-6000
91d3510e,2,0,-4000
91d3510e,3,0,-8000
91d3510e,4,0,-6000
91d3510e,5,0,-4000
91d3510e,6,0,-8000
91d3510e,7,0,0
92763a02,0,1,6000
92763a02,1,0,-1000
92763a02,2,1,13000
92763a02,3,1,13000
92763a02,4,0,-2000
92763a02,5,1,8000
92763a02,6,0,-2000
92763a02,7,0,0
92763a02,8,0,-1000
92763a02,9,0,0
92763a02,10,0,-1000
92763a02,11,0,0
92a7fb23,0,0,-5000
92a7fb23,1,0,-2000
92a7fb23,2,0,0
92a7fb23,3,0,0
92a7fb23,4,0,-2000
92a7fb23,5,0,0
92a7fb23,6,0,-1000
92a7fb23,7,0,0
93ab48c9,0,1,8000
93ab48c9,1,0,-1000
93ab48c9,2,0,0
93ab48c9,3,1,6000
93ab48c9,4,1,6000
93ab48c9,5,0,0
94039008,0,0,-3000
94039008,1,1,1000
94039008,2,1,3000
94039008,3,0,-6000
94039008,4,0,0
94039008,5,0,0
94039008,6,0,-5000
94039008,7,1,19000
94039008,8,0,-2000
94039008,9,0,-1000
94039008,10,1,7000
94039008,11,0,-3000
94039008,12,1,1000
94039008,13,1,2000
94039008,14,1,2000
94039008,15,0,0
94039008,16,1,8000
94039008,17,1,3000
94039008,18,0,0
944388a2,0,0,0
944388a2,1,0,-2000
944388a2,2,1,6000
944388a2,3,0,-4000
944388a2,4,0,-2000
944388a2,5,0,-4000
944388a2,6,0,0
944388a2,7,0,0
944388a2,8,0,0
944baaa8,0,1,4000
944baaa8,1,0,-4000
944baaa8,2,0,0
944baaa8,3,0,-2000
944baaa8,4,0,-8000
944baaa8,5,0,-6000
944baaa8,6,0,-8000
944baaa8,7,0,0
944baaa8,8,1,2000
944baaa8,9,0,0
9457fb3c,0,1,12000
9457fb3c,1,0,-2000
9457fb3c,2,0,-5000
9457fb3c,3,1,3000
9457fb3c,4,0,0
9457fb3c,5,0,0
9457fb3c,6,1,7000
9457fb3c,7,1,2000
9457fb3c,8,0,0
9457fb3c,9,0,-4000
9457fb3c,10,0,-6000
9457fb3c,11,0,0
9457fb3c,12,0,0
945de682,0,0,0
945de682,1,0,0
945de682,2,0,-3000
945de682,3,0,-6000
945de682,4,0,-1000
945de682,5,1,2000
945de682,6,0,-6000
945de682,7,0,0
945de682,8,0,0
947f59c4,0,1,1000
947f59c4,1,0,0
947f59c4,2,0,0
947f59c4,3,1,6000
947f59c4,4,0,-8000
947f59c4,5,1,2000
947f59c4,6,0,0
947f59c4,7,0,-2000
947f59c4,8,0,0
947f59c4,9,1,12000
947f59c4,10,0,-1000
947f59c4,11,1,3000
947f59c4,12,0,0
94eca885,0,0,0
94eca885,1,0,-1000
94eca885,2,0,0
94eca885,3,1,2000
94eca885,4,1,3000
94eca885,5,0,0
94eca885,6,0,0
94eca885,7,0,0
94eca885,8,1,6000
94eca885,9,0,0
94eca885,10,0,0
954973cc,0,0,-1000
954973cc,1,0,0
954973cc,2,0,-1000
954973cc,3,0,-1000
954973cc,4,0,0
954973cc,5,1,3000
954973cc,6,1,7000
954973cc,7,1,9000
954973cc,8,0,-3000
954973cc,9,1,3000
954973cc,10,1,1000
954973cc,11,0,0
954973cc,12,0,0
959a5625,0,0,-6000
959a5625,1,0,0
959a5625,2,0,-3000
959a5625,3,1,2000
959a5625,4,1,8000
959a5625,5,0,-1000
959a5625,6,1,6000
959a5625,7,1,12000
959a5625,8,0,-1000
959a5625,9,0,-1000
959a5625,10,0,-1000
959a5625,11,0,0
964d63a5,0,1,2000
964d63a5,1,0,0
964d63a5,2,0,0
964d63a5,3,0,0
97fbbfe0,0,1,1000
97fbbfe0,1,0,-4000
97fbbfe0,2,1,13000
97fbbfe0,3,1,2000
97fbbfe0,4,0,0
97fbbfe0,5,0,-2000
97fbbfe0,6,0,-4000
97fbbfe0,7,1,19000
97fbbfe0,8,0,0
97fbbfe0,9,0,-2000
97fbbfe0,10,0,-2000
97fbbfe0,11,0,0
98295e3c,0,0,-4000
98295e3c,1,0,-8000
98295e3c,2,1,1000
98295e3c,3,0,0
98295e3c,4,0,0
98295e3c,5,0,-3000
98295e3c,6,0,-2000
98295e3c,7,0,-12000
98295e3c,8,0,0
988131e8,0,0,0
988131e8,1,1,1000
988131e8,2,1,12000
988131e8,3,0,-13000
988131e8,4,0,0
988131e8,5,0,-2000
988131e8,6,1,12000
988131e8,7,1,6000
988131e8,8,1,2000
988131e8,9,0,0
988131e8,10,0,-2000
988131e8,11,0,0
988131e8,12,1,2000
988131e8,13,0,0
9a412522,0,1,7000
9a412522,1,1,3000
9a412522,2,0,-2000
9a412522,3,0,0
9a412522,4,0,0
9a412522,5,1,7000
9a412522,6,0,0
9a6935b7,0,1,12000
9a6935b7,1,1,2000
9a6935b7,2,0,-3000
9a6935b7,3,0,-1000
9a6935b7,4,0,-8000
9a6935b7,5,0,-1000
9a6935b7,6,0,-2000
9a6935b7,7,0,-2000
9a6935b7,8,1,2000
9a6935b7,9,1,7000
9a6935b7,10,0,0
9a6935b7,11,0,0
9ac4f993,0,0,-2000
9ac4f993,1,0,-4000
9ac4f993,2,0,-3000
9ac4f993,3,0,-1000
9ac4f993,4,0,-8000
9ac4f993,5,0,-1000
9ac4f993,6,1,12000
9ac4f993,7,0,-4000
9ac4f993,8,0,0
9ac4f993,9,0,0
9b70a489,0,0,-1000
9b70a489,1,0,-2000
9b70a489,2,0,-6000
9b70a489,3,0,0
9b70a489,4,0,-8000
9b70a489,5,1,12000
9b70a489,6,0,-2000
9b70a489,7,0,0
9b70a489,8,0,0
9bb2057c,0,0,0
9bb2057c,1,1,2000
9bb2057c,2,0,-8000
9bb2057c,3,0,0
9bb2057c,4,0,-6000
9bb2057c,5,0,-2000
9bb2057c,6,1,11000
9bb2057c,7,0,0
9bb2057c,8,0,-8000
9bb2057c,9,0,0
9cd7809d,0,0,-1000
9cd7809d,1,0,-5000
9cd7809d,2,1,4000
9cd7809d,3,0,0
9cd7809d,4,0,-4000
9cd7809d,5,0,-1000
9cd7809d,6,0,-1000
9cd7809d,7,0,-6000
9cd7809d,8,0,0
9d0e9890,0,0,0
9d0e9890,1,0,-3000
9d0e9890,2,1,11000
9d0e9890,3,0,0
9d0e9890,4,0,-1000
9d0e9890,5,1,2000
9d0e9890,6,0,-1000
9d0e9890,7,1,1000
9d0e9890,8,1,1000
9d0e9890,9,0,0
9d0e9890,10,1,12000
9d0e9890,11,1,3000
9d0e9890,12,0,-1000
9d0e9890,13,0,0
9d0e9890,14,0,0
9d64b711,0,0,0
9d64b711,1,0,-1000
9d64b711,2,0,-2000
9d64b711,3,1,12000
9d64b711,4,0,-4000
9d64b711,5,0,0
9d64b711,6,0,-2000
9d64b711,7,1,6000
9d64b711,8,0,0
9d64b711,9,0,0
9de6a870,0,0,-1000
9de6a870,1,1,20000
9de6a870,2,1,12000
9de6a870,3,0,0
9de6a870,4,1,3000
9de6a870,5,1,5000
9de6a870,6,0,-1000
9de6a870,7,0,-1000
9de6a870,8,0,-2000
9de6a870,9,0,0
9de6a870,10,0,-2000
9de6a870,11,0,0
9df395ea,0,0,-2000
9df395ea,1,0,-1000
9df395ea,2,0,0
9df395ea,3,0,0
9df395ea,4,1,1000
9df395ea,5,0,-2000
9df395ea,6,0,0
9df395ea,7,0,-2000
9df395ea,8,0,0
9e7af378,0,0,-1000
9e7af378,1,0,-2000
9e7af378,2,0,0
9e7af378,3,0,0
9e7af378,4,0,-1000
9e7af378,5,1,6000
9e7af378,6,0,0
9e7af378,7,0,-2000
9e7af378,8,0,-6000
9e7af378,9,0,0
a011fe60,0,0,-8000
a011fe60,1,0,-8000
a011fe60,2,0,0
a011fe60,3,0,-1000
a011fe60,4,0,0
a011fe60,5,1,12000
a011fe60,6,0,0
a011fe60,7,0,-4000
a011fe60,8,0,0
a0645d05,0,1,3000
a0645d05,1,1,3000
a0645d05,2,1,19000
a0645d05,3,1,4000
a0645d05,4,1,5000
a0645d05,5,0,-5000
a0645d05,6,0,-3000
a0645d05,7,1,1000
a0645d05,8,0,0
a131338a,0,0,-2000
a131338a,1,0,0
a131338a,2,1,3000
a131338a,3,0,-1000
a131338a,4,0,0
a131338a,5,0,-1000
a131338a,6,0,-4000
a131338a,7,0,0
a131338a,8,1,8000
a131338a,9,0,0
a15cbdda,0,0,-4000
a15cbdda,1,0,-1000
a15cbdda,2,1,18000
a15cbdda,3,0,0
a15cbdda,4,0,0
a15cbdda,5,0,-2000
a15cbdda,6,0,-8000
a15cbdda,7,0,-2000
a15cbdda,8,0,0
a2719742,0,1,3000
a2719742,1,0,-3000
a2719742,2,0,-8000
a2719742,3,0,-1000
a2719742,4,1,1000
a2719742,5,0,0
a2719742,6,0,-4000
a2719742,7,0,-2000
a2719742,8,0,-4000
a2719742,9,0,0
a2719742,10,0,0
a2d020ca,0,0,-6000
a2d020ca,1,1,3000
a2d020ca,2,1,1000
a2d020ca,3,0,0
a2d020ca,4,0,0
a2d020ca,5,0,0
a2d020ca,6,0,0
a2d020ca,7,0,0
a33031fc,0,0,-1000
a33031fc,1,1,13000
a33031fc,2,0,0
a33031fc,3,0,0
a33031fc,4,1,7000
a33031fc,5,0,0
a33031fc,6,0,0
a33031fc,7,1,3000
a33031fc,8,0,-2000
a33031fc,9,1,7000
a33031fc,10,0,-1000
a33031fc,11,0,0
a3d3fa30,0,1,4000
a3d3fa30,1,1,12000
a3d3fa30,2,0,-2000
a3d3fa30,3,0,0
a3d3fa30,4,0,0
a3d3fa30,5,0,0
a3d3fa30,6,1,3000
a3d3fa30,7,0,-6000
a3d3fa30,8,0,-2000
a3d3fa30,9,0,0
a3d3fa30,10,0,0
a3d3fa30,11,0,0
a438e4f4,0,0,0
a438e4f4,1,0,-2000
a438e4f4,2,0,-1000
a438e4f4,3,0,0
a438e4f4,4,1,18000
a438e4f4,5,0,0
a438e4f4,6,0,0
a438e4f4,7,1,2000
a438e4f4,8,0,-3000
a438e4f4,9,0,0
a438e4f4,10,0,-1000
a438e4f4,11,0,0
a4f796d8,0,0,0
a4f796d8,1,0,-7000
a4f796d8,2,1,11000
a4f796d8,3,0,-4000
a4f796d8,4,0,0
a4f796d8,5,0,0
a4f796d8,6,0,-4000
a4f796d8,7,0,-3000
a4f796d8,8,0,0
a4facf23,0,0,-1000
a4facf23,1,0,-13000
a4facf23,2,1,8000
a4facf23,3,0,0
a4facf23,4,0,-2000
a4facf23,5,1,2000
a4facf23,6,1,11000
a4facf23,7,0,0
a4facf23,8,0,0
a4facf23,9,0,0
a4facf23,10,0,0
a504a3a6,0,0,-4000
a504a3a6,1,0,-9000
a504a3a6,2,0,-1000
a504a3a6,3,0,-6000
a504a3a6,4,0,0
a504a3a6,5,1,1000
a504a3a6,6,0,-1000
a504a3a6,7,0,-2000
a504a3a6,8,0,0
a770bd6d,0,0,-1000
a770bd6d,1,0,-4000
a770bd6d,2,0,-3000
a770bd6d,3,0,0
a770bd6d,4,1,24000
a770bd6d,5,1,3000
a770bd6d,6,0,0
a770bd6d,7,0,-1000
a770bd6d,8,0,-4000
a770bd6d,9,0,0
a88101dd,0,0,-1000
a88101dd,1,0,0
a88101dd,2,0,-3000
a88101dd,3,0,0
a88101dd,4,0,-2000
a88101dd,5,1,4000
a88101dd,6,0,-6000
a88101dd,7,0,-1000
a88101dd,8,1,12000
a88101dd,9,0,0
a88101dd,10,0,0
a9892e28,0,0,0
a9892e28,1,0,-2000
a9892e28,2,1,6000
a9892e28,3,0,-1000
a9892e28,4,0,0
a9892e28,5,0,-1000
a9892e28,6,0,-12000
a9892e28,7,0,-4000
a9892e28,8,1,1000
a9892e28,9,0,-1000
a9892e28,10,0,0
a9a93bce,0,0,-1000
a9a93bce,1,0,-2000
a9a93bce,2,0,-3000
a9a93bce,3,0,-3000
a9a93bce,4,1,1000
a9a93bce,5,0,0
a9a93bce,6,0,-3000
a9a93bce,7,0,-3000
a9a93bce,8,0,0
a9f13a47,0,1,6000
a9f13a47,1,1,4000
a9f13a47,2,0,-1000
a9f13a47,3,0,-1000
a9f13a47,4,1,15000
a9f13a47,5,0,0
a9f13a47,6,1,13000
a9f13a47,7,1,3000
a9f13a47,8,0,0
a9f13a47,9,1,7000
a9f13a47,10,0,0
a9f13a47,11,0,-4000
a9f13a47,12,1,6000
a9f13a47,13,0,-4000
a9f13a47,14,0,0
a9f13a47,15,0,0
aa15d20c,0,1,6000
aa15d20c,1,1,3000
aa15d20c,2,1,3000
aa15d20c,3,0,0
aa15d20c,4,0,-1000
aa15d20c,5,0,-6000
aa15d20c,6,1,3000
aa15d20c,7,0,0
aa15d20c,8,0,-4000
aa15d20c,9,1,11000
aa15d20c,10,0,-2000
aa15d20c,11,0,0
aa15d20c,12,0,0
aa261c3a,0,0,-1000
aa261c3a,1,0,0
aa261c3a,2,0,0
aa261c3a,3,1,1000
aa261c3a,4,0,-4000
aa261c3a,5,1,3000
aa261c3a,6,0,0
aa261c3a,7,1,2000
aa261c3a,8,1,13000
aa261c3a,9,0,-1000
aa261c3a,10,1,3000
aa261c3a,11,1,14000
aa261c3a,12,1,2000
aa261c3a,13,0,-3000
aa261c3a,14,0,-12000
aa261c3a,15,0,0
aacdca88,0,0,-2000
aacdca88,1,0,-4000
aacdca88,2,0,0
aacdca88,3,0,-1000
aacdca88,4,0,-6000
aacdca88,5,0,-4000
aacdca88,6,0,-4000
aacdca88,7,1,11000
aacdca88,8,0,0
aae49015,0,0,0
aae49015,1,0,-2000
aae49015,2,0,0
aae49015,3,0,0
aae49015,4,0,-4000
aae49015,5,1,1000
aae49015,6,0,0
aae49015,7,1,2000
aae49015,8,1,14000
aae49015,9,0,0
ab37250d,0,0,-8000
ab37250d,1,0,-4000
ab37250d,2,0,-4000
ab37250d,3,1,8000
ab37250d,4,1,13000
ab37250d,5,1,14000
ab37250d,6,0,0
ab37250d,7,0,0
ab37250d,8,0,0
ab6140fd,0,0,0
ab6140fd,1,1,2000
ab6140fd,2,0,-3000
ab6140fd,3,1,2000
ab6140fd,4,0,-5000
ab6140fd,5,0,-4000
ab6140fd,6,0,0
ab6140fd,7,1,5000
ab6140fd,8,0,0
ab6140fd,9,0,0
ab6140fd,10,0,0
ab6140fd,11,0,0
ac1b058f,0,1,4000
ac1b058f,1,0,-1000
ac1b058f,2,0,-3000
ac1b058f,3,0,0
ac1b058f,4,0,-4000
ac1b058f,5,0,-2000
ac1b058f,6,1,2000
ac1b058f,7,0,-7000
ac1b058f,8,0,-8000
ac1b058f,9,0,-1000
ac1b058f,10,0,0
acfb6d0d,0,1,3000
acfb6d0d,1,1,18000
acfb6d0d,2,0,-4000
acfb6d0d,3,1,2000
acfb6d0d,4,0,-5000
acfb6d0d,5,0,0
acfb6d0d,6,1,12000
acfb6d0d,7,1,12000
acfb6d0d,8,0,-1000
acfb6d0d,9,1,8000
acfb6d0d,10,0,-5000
acfb6d0d,11,0,-2000
acfb6d0d,12,1,1000
acfb6d0d,13,0,0
acfb6d0d,14,0,0
aef45f34,0,0,-4000
aef45f34,1,1,19000
aef45f34,2,0,-2000
aef45f34,3,1,12000
aef45f34,4,1,12000
aef45f34,5,0,0
aef45f34,6,0,0
b084d84c,0,0,0
b084d84c,1,0,-5000
b084d84c,2,0,-1000
b084d84c,3,0,0
b084d84c,4,1,6000
b084d84c,5,0,0
b084d84c,6,0,-2000
b084d84c,7,0,0
b084d84c,8,1,2000
b084d84c,9,0,0
b084d84c,10,0,0
b084d84c,11,1,6000
b084d84c,12,0,0
b0b6d1c7,0,0,-2000
b0b6d1c7,1,0,0
b0b6d1c7,2,0,-4000
b0b6d1c7,3,0,0
b0b6d1c7,4,1,8000
b0b6d1c7,5,0,0
b1c1b349,0,0,-2000
b1c1b349,1,0,-4000
b1c1b349,2,0,0
b1c1b349,3,0,-6000
b1c1b349,4,1,18000
b1c1b349,5,0,-4000
b1c1b349,6,0,0
b1d1244c,0,1,6000
b1d1244c,1,1,12000
b1d1244c,2,0,0
b1d1244c,3,0,-2000
b1d1244c,4,1,5000
b1d1244c,5,0,0
b1d1244c,6,1,3000
b1d1244c,7,0,-1000
b1d1244c,8,0,0
b1d1244c,9,0,-1000
b1d1244c,10,0,-4000
b1d1244c,11,1,12000
b1d1244c,12,0,0
b2018101,0,0,-1000
b2018101,2,1,2000
b2018101,3,0,-2000
b2018101,4,0,-1000
b2018101,5,0,-3000
b2018101,6,1,12000
b2018101,7,1,8000
b2018101,8,0,-2000
b2018101,9,1,3000
b2018101,10,0,0
b2018101,11,0,0
b2018101,12,0,0
b22d09c7,0,0,0
b22d09c7,1,0,-2000
b22d09c7,2,1,4000
b22d09c7,3,0,-1000
b22d09c7,4,0,-1000
b22d09c7,5,0,-1000
b22d09c7,6,0,-8000
b22d09c7,7,0,-1000
b22d09c7,8,1,2000
b22d09c7,9,0,0
b312c52c,0,0,-1000
b312c52c,1,0,-1000
b312c52c,2,0,-4000
b312c52c,3,1,6000
b312c52c,4,1,2000
b312c52c,5,1,13000
b312c52c,6,0,0
b312c52c,7,1,1000
b312c52c,8,0,-3000
b312c52c,9,0,0
b312c52c,10,0,0
b312c52c,11,0,0
b39cfd1c,0,0,-4000
b39cfd1c,1,0,0
b39cfd1c,2,0,-2000
b39cfd1c,3,1,6000
b39cfd1c,4,1,6000
b39cfd1c,5,0,-2000
b39cfd1c,6,1,6000
b39cfd1c,7,0,-1000
b39cfd1c,8,1,14000
b39cfd1c,9,0,0
b39cfd1c,10,0,-1000
b39cfd1c,11,0,0
b43875c4,0,1,10000
b43875c4,1,0,-3000
b43875c4,2,0,0
b43875c4,3,1,10000
b43875c4,4,1,5000
b43875c4,5,0,-1000
b43875c4,6,1,2000
b43875c4,7,0,-4000
b43875c4,8,1,2000
b43875c4,9,0,0
b43875c4,10,1,4000
b43875c4,11,1,1000
b43875c4,12,1,8000
b43875c4,13,1,7000
b43875c4,14,0,-3000
b43875c4,15,1,3000
b43875c4,16,1,2000
b43875c4,17,1,10000
b43875c4,18,1,7000
b43875c4,19,0,0
b4477068,0,0,-4000
b4477068,1,0,-2000
b4477068,2,1,12000
b4477068,3,0,-4000
b4477068,4,1,3000
b4477068,5,0,0
b4477068,6,1,12000
b4477068,7,0,0
b4477068,8,0,-1000
b4477068,9,0,-3000
b4477068,10,1,1000
b4477068,11,0,0
b45e568c,0,0,-1000
b45e568c,1,0,0
b45e568c,2,0,-4000
b45e568c,3,1,12000
b45e568c,4,1,2000
b45e568c,5,0,0
b45e568c,6,1,20000
b45e568c,7,0,-3000
b45e568c,8,0,-3000
b45e568c,9,1,5000
b45e568c,10,0,0
b45e568c,11,0,0
b480adbe,0,0,0
b480adbe,1,1,3000
b480adbe,2,0,0
b480adbe,3,0,-1000
b480adbe,4,0,-4000
b480adbe,5,0,-1000
b480adbe,6,1,7000
b480adbe,7,1,18000
b480adbe,8,0,-2000
b480adbe,9,0,0
b480adbe,10,0,0
b49d17e9,0,1,12000
b49d17e9,1,1,1000
b49d17e9,2,1,4000
b49d17e9,3,0,0
b49d17e9,4,0,-1000
b49d17e9,5,0,-6000
b49d17e9,6,0,-1000
b49d17e9,7,0,0
b49d17e9,8,0,-1000
b49d17e9,9,0,-4000
b49d17e9,10,0,0
b4afca08,0,0,-1000
b4afca08,1,0,0
b4afca08,2,0,0
b4afca08,3,1,6000
b4afca08,4,1,4000
b4afca08,5,0,0
b4afca08,6,1,8000
b4afca08,7,0,-2000
b4afca08,8,0,-5000
b4afca08,9,1,1000
b4afca08,10,0,-6000
b4afca08,11,0,0
b55166dc,0,0,0
b55166dc,1,1,2000
b55166dc,2,0,0
b55166dc,3,1,4000
b55166dc,4,0,0
b55166dc,5,0,-2000
b55166dc,6,0,0
b5d8ba3f,0,0,0
b5d8ba3f,1,0,-1000
b5d8ba3f,2,0,-4000
b5d8ba3f,3,0,-6000
b5d8ba3f,4,0,-3000
b5d8ba3f,5,0,-4000
b5d8ba3f,6,0,-2000
b5d8ba3f,7,1,3000
b5d8ba3f,8,0,0
b7fd1ef4,0,0,-2000
b7fd1ef4,1,0,-8000
b7fd1ef4,2,0,-2000
b7fd1ef4,3,0,-2000
b7fd1ef4,4,0,0
b7fd1ef4,5,0,-3000
b7fd1ef4,6,1,3000
b7fd1ef4,7,0,-8000
b7fd1ef4,8,0,0
b8376d95,0,0,-3000
b8376d95,1,1,2000
b8376d95,2,0,-6000
b8376d95,3,0,-1000
b8376d95,4,0,-2000
b8376d95,5,0,-1000
b8376d95,6,1,12000
b8376d95,7,0,-16000
b8376d95,8,0,0
b96b76cb,0,0,-8000
b96b76cb,1,0,-8000
b96b76cb,2,0,-1000
b96b76cb,3,1,12000
b96b76cb,4,0,0
b96b76cb,5,1,12000
b96b76cb,6,0,0
b96b76cb,7,0,-2000
b96b76cb,8,0,0
b96e6120,0,0,0
b96e6120,1,1,3000
b96e6120,2,1,12000
b96e6120,3,1,4000
b96e6120,4,1,5000
b96e6120,5,0,0
b96e6120,6,0,-4000
b96e6120,7,0,-1000
b96e6120,8,0,-2000
b96e6120,9,1,3000
b96e6120,10,1,3000
b96e6120,11,1,2000
b96e6120,12,0,-2000
b96e6120,13,0,-4000
b96e6120,14,0,0
b9d719ed,0,0,0
b9d719ed,1,0,0
b9d719ed,2,0,0
b9d719ed,3,0,-2000
b9d719ed,4,0,0
b9d719ed,5,0,0
ba66642e,0,0,-1000
ba66642e,1,1,12000
ba66642e,2,0,-6000
ba66642e,3,0,-1000
ba66642e,4,1,6000
ba66642e,5,1,5000
ba66642e,6,0,0
ba66642e,7,0,0
bbcc7fa3,0,0,-3000
bbcc7fa3,1,0,-2000
bbcc7fa3,2,0,-1000
bbcc7fa3,3,0,-4000
bbcc7fa3,4,1,12000
bbcc7fa3,5,1,12000
bbcc7fa3,6,0,-4000
bbcc7fa3,7,1,1000
bbcc7fa3,8,0,0
bbcc7fa3,9,0,0
bbcc7fa3,10,1,12000
bbcc7fa3,11,0,0
bcb82a2f,0,0,-1000
bcb82a2f,1,0,-8000
bcb82a2f,2,0,-6000
bcb82a2f,3,0,0
bcb82a2f,4,0,0
bcb82a2f,5,0,-1000
bcb82a2f,6,0,0
be52b3c3,0,0,-3000
be52b3c3,1,0,-4000
be52b3c3,2,0,-8000
be52b3c3,3,0,-2000
be52b3c3,4,1,2000
be52b3c3,5,0,-4000
be52b3c3,6,0,-4000
be52b3c3,7,0,-8000
be52b3c3,8,0,0
befcea0c,0,0,-1000
befcea0c,1,0,-3000
befcea0c,2,1,6000
befcea0c,3,0,0
befcea0c,4,1,4000
befcea0c,5,1,13000
befcea0c,6,0,0
bf3f8d33,0,0,-1000
bf3f8d33,1,0,-7000
bf3f8d33,2,1,6000
bf3f8d33,3,0,0
bf3f8d33,4,0,-9000
bf3f8d33,5,0,-4000
bf3f8d33,6,1,1000
bf3f8d33,7,0,-4000
bf3f8d33,8,0,-1000
bf3f8d33,9,0,0
bf710692,0,0,-9000
bf710692,1,0,-4000
bf710692,2,1,20000
bf710692,3,0,-4000
bf710692,4,1,3000
bf710692,5,1,6000
bf710692,6,0,-4000
bf710692,7,0,-2000
bf710692,8,0,-2000
bf710692,9,0,-3000
bf710692,10,0,0
bfb2f0b5,0,0,-3000
bfb2f0b5,1,1,4000
bfb2f0b5,2,1,12000
bfb2f0b5,3,1,5000
bfb2f0b5,4,1,4000
bfb2f0b5,5,1,7000
bfb2f0b5,6,0,-6000
bfb2f0b5,7,1,2000
bfb2f0b5,8,0,-10000
bfb2f0b5,9,1,18000
bfb2f0b5,10,0,-2000
bfb2f0b5,11,1,6000
bfb2f0b5,12,0,-3000
bfb2f0b5,13,0,-2000
bfb2f0b5,14,0,-1000
bfb2f0b5,15,0,0
bfe2c583,0,0,-4000
bfe2c583,1,1,3000
bfe2c583,2,0,0
bfe2c583,3,0,-1000
bfe2c583,4,0,-2000
bfe2c583,5,0,0
bfe2c583,6,1,1000
bfe2c583,7,1,2000
bfe2c583,8,0,-1000
bfe2c583,9,0,-5000
bfe2c583,10,0,0
c0b4612f,0,0,-5000
c0b4612f,1,1,8000
c0b4612f,2,0,-5000
c0b4612f,3,1,7000
c0b4612f,4,1,13000
c0b4612f,5,0,-4000
c0b4612f,6,0,-5000
c0b4612f,7,0,-4000
c0b4612f,8,1,2000
c0b4612f,9,1,4000
c0b4612f,10,0,0
c0f490c3,0,0,0
c0f490c3,1,0,-2000
c0f490c3,2,0,-3000
c0f490c3,3,0,-4000
c0f490c3,4,1,7000
c0f490c3,5,0,-4000
c0f490c3,6,0,0
c0f490c3,7,0,-4000
c0f490c3,8,0,0
c109492b,0,0,-1000
c109492b,1,0,-4000
c109492b,2,0,-2000
c109492b,3,0,-2000
c109492b,4,0,-5000
c109492b,5,1,12000
c109492b,6,1,4000
c109492b,7,0,0
c109492b,8,0,0
c12ab247,0,0,-6000
c12ab247,1,0,-1000
c12ab247,2,0,0
c12ab247,3,1,1000
c12ab247,4,0,0
c12ab247,5,0,-4000
c12ab247,6,1,1000
c12ab247,7,0,0
c12ab247,8,0,0
c15ab086,0,0,0
c15ab086,1,0,-4000
c15ab086,2,0,-8000
c15ab086,3,1,1000
c15ab086,4,0,0
c15ab086,5,1,9000
c15ab086,6,0,-1000
c15ab086,7,0,0
c15ab086,8,0,-1000
c15ab086,9,0,0
c1715e1d,0,0,-1000
c1715e1d,1,1,5000
c1715e1d,2,0,0
c1715e1d,3,0,0
c1715e1d,4,1,1000
c1715e1d,5,0,0
c1715e1d,6,0,-1000
c1715e1d,7,1,1000
c1715e1d,8,1,2000
c1715e1d,9,1,10000
c1715e1d,10,0,0
c1715e1d,11,0,-1000
c1715e1d,12,1,6000
c1715e1d,13,0,-1000
c1715e1d,14,0,0
c1a4729e,0,0,-5000
c1a4729e,1,0,-9000
c1a4729e,2,0,-6000
c1a4729e,3,0,-3000
c1a4729e,4,0,-8000
c1a4729e,5,0,-3000
c1a4729e,6,0,-1000
c1a4729e,7,0,0
c2d6d559,0,0,0
c2d6d559,1,0,-4000
c2d6d559,2,0,-1000
c2d6d559,3,0,0
c2d6d559,4,0,0
c2d6d559,5,0,-2000
c2d6d559,6,1,4000
c2d6d559,7,0,-4000
c2d6d559,8,0,0
c310997f,0,0,-3000
c310997f,1,0,-2000
c310997f,2,1,3000
c310997f,3,0,-6000
c310997f,4,0,-4000
c310997f,5,0,0
c310997f,6,0,-6000
c310997f,7,1,6000
c310997f,8,0,-2000
c310997f,9,0,0
c45934fb,0,0,-8000
c45934fb,1,0,-1000
c45934fb,2,0,0
c45934fb,3,0,-1000
c45934fb,4,0,-8000
c45934fb,5,0,-1000
c45934fb,6,0,0
c45934fb,7,0,0
c62a488d,0,0,-2000
c62a488d,1,0,-2000
c62a488d,2,0,-13000
c62a488d,3,0,-4000
c62a488d,4,1,3000
c62a488d,5,1,18000
c62a488d,6,0,0
c62a488d,7,1,12000
c62a488d,8,0,-1000
c62a488d,9,0,0
c62a488d,10,0,0
c631a483,0,1,1000
c631a483,1,0,-6000
c631a483,2,0,-1000
c631a483,3,0,-8000
c631a483,4,0,-4000
c631a483,5,0,-1000
c631a483,6,0,-3000
c631a483,7,0,0
c631a483,8,0,0
c6577d10,0,0,0
c6577d10,1,1,8000
c6577d10,2,0,0
c6577d10,3,0,-2000
c6577d10,4,1,2000
c6577d10,5,0,0
c6577d10,6,1,2000
c6577d10,7,0,0
c6577d10,8,1,8000
c6577d10,9,1,3000
c6577d10,10,0,-1000
c6577d10,11,0,-2000
c6577d10,12,0,0
c6a68634,0,1,1000
c6a68634,1,0,-2000
c6a68634,2,0,-2000
c6a68634,3,0,-1000
c6a68634,4,0,-2000
c6a68634,5,0,-2000
c6a68634,6,1,2000
c6a68634,7,0,-2000
c6a68634,8,0,-1000
c6a68634,9,0,0
c7995eac,0,0,-1000
c7995eac,1,0,0
c7995eac,2,1,9000
c7995eac,3,0,-5000
c7995eac,4,0,-1000
c7995eac,5,0,-1000
c7995eac,6,0,-1000
c7995eac,7,0,-2000
c7995eac,8,0,0
c82a36c9,0,0,0
c82a36c9,1,0,-2000
c82a36c9,2,0,0
c82a36c9,3,1,7000
c82a36c9,4,1,5000
c82a36c9,5,0,-3000
c82a36c9,6,0,-5000
c82a36c9,7,1,1000
c82a36c9,8,1,5000
c82a36c9,9,1,1000
c82a36c9,10,0,-3000
c82a36c9,11,1,1000
c82a36c9,12,1,1000
c82a36c9,13,0,-1000
c82a36c9,14,0,0
c878b94e,0,1,18000
c878b94e,1,0,-3000
c878b94e,3,0,0
c8d4de8c,0,0,-8000
c8d4de8c,1,0,0
c8d4de8c,2,0,-4000
c8d4de8c,3,0,-1000
c8d4de8c,4,0,-2000
c8d4de8c,5,0,-4000
c8d4de8c,6,0,0
c8d4de8c,7,0,0
c9501fe4,0,0,0
c9501fe4,1,0,0
c9501fe4,2,1,3000
c9501fe4,3,0,0
c9501fe4,4,0,-4000
c9501fe4,5,0,-2000
c9501fe4,6,0,-6000
c9501fe4,7,0,0
c9501fe4,8,1,7000
c9501fe4,9,0,0
c9b968fb,0,1,2000
c9b968fb,1,0,-4000
c9b968fb,2,0,-3000
c9b968fb,3,0,-1000
c9b968fb,4,0,0
c9b968fb,5,1,14000
c9b968fb,6,1,13000
c9b968fb,7,0,0
c9be4467,0,0,-3000
c9be4467,1,1,19000
c9be4467,2,0,0
c9be4467,3,1,12000
c9be4467,4,1,14000
c9be4467,5,1,2000
c9be4467,6,0,0
c9be4467,7,0,-8000
c9be4467,8,0,-1000
c9be4467,9,0,0
c9e60fc6,0,0,-2000
c9e60fc6,1,1,3000
c9e60fc6,2,0,-9000
c9e60fc6,3,0,-1000
c9e60fc6,4,0,-6000
c9e60fc6,5,1,4000
c9e60fc6,6,0,-3000
c9e60fc6,7,0,0
c9e60fc6,8,0,-5000
c9e60fc6,9,0,0
ca70cddb,0,1,8000
ca70cddb,1,1,8000
ca70cddb,2,0,0
ca70cddb,3,0,0
ca848dc5,0,0,-5000
ca848dc5,1,0,0
ca848dc5,2,0,-3000
ca848dc5,3,0,0
ca848dc5,4,1,2000
ca848dc5,5,0,0
ca848dc5,6,1,6000
ca848dc5,7,0,-2000
ca848dc5,8,0,0
ca848dc5,9,1,2000
ca848dc5,10,0,0
cbdee191,0,1,1000
cbdee191,1,1,12000
cbdee191,2,1,9000
cbdee191,3,0,0
cbdee191,4,1,12000
cbdee191,5,0,0
cbdee191,6,1,12000
cbdee191,7,0,-1000
cbdee191,8,1,18000
cbdee191,9,0,0
cbdee191,10,1,12000
cbdee191,11,0,-3000
cbdee191,12,1,18000
cbdee191,13,0,0
cbdee191,14,0,-3000
cbdee191,15,0,0
cd851bf0,0,0,-1000
cd851bf0,1,0,-4000
cd851bf0,2,0,0
cd851bf0,3,1,2000
cd851bf0,4,1,7000
cd851bf0,5,1,7000
cd851bf0,6,1,2000
cd851bf0,7,0,-7000
cd851bf0,8,1,6000
cd851bf0,9,0,-2000
cd851bf0,10,0,0
cd851bf0,11,0,0
cd851bf0,12,0,0
cdda585c,0,0,-4000
cdda585c,1,1,12000
cdda585c,2,1,12000
cdda585c,3,0,-3000
cdda585c,4,0,-4000
cdda585c,5,0,0
cdda585c,6,1,1000
cdda585c,7,1,13000
cdda585c,8,1,19000
cdda585c,9,0,0
ce1780a2,0,0,-2000
ce1780a2,1,1,12000
ce1780a2,2,0,0
ce1780a2,3,1,1000
ce1780a2,4,1,4000
ce1780a2,5,0,-1000
ce1780a2,6,1,5000
ce1780a2,7,0,0
ceecaac7,0,1,7000
ceecaac7,1,0,-1000
ceecaac7,2,0,0
ceecaac7,3,1,8000
ceecaac7,4,0,-1000
ceecaac7,5,0,-9000
ceecaac7,6,0,0
ceecaac7,7,0,-8000
ceecaac7,8,1,6000
ceecaac7,9,1,4000
ceecaac7,10,0,0
cf35ccb4,0,0,0
cf35ccb4,1,0,-9000
cf35ccb4,2,0,-5000
cf35ccb4,3,1,8000
cf35ccb4,4,1,2000
cf35ccb4,5,0,0
cf35ccb4,6,0,-6000
cf35ccb4,7,0,0
cf5137a8,0,1,3000
cf5137a8,1,1,6000
cf5137a8,2,0,0
cf5137a8,3,0,0
cf5137a8,4,0,-4000
cf5137a8,5,1,7000
cf5137a8,6,1,4000
cf5137a8,7,0,-3000
cf5137a8,8,0,0
cf5137a8,9,0,0
cf5137a8,10,0,-4000
cf5137a8,11,0,-4000
cf5137a8,12,1,6000
cf5137a8,13,0,0
cfd77a6b,0,1,12000
cfd77a6b,1,1,18000
cfd77a6b,2,0,-2000
cfd77a6b,3,0,0
cfd77a6b,4,0,0
cfd77a6b,5,1,13000
cfd77a6b,6,0,0
cfd77a6b,7,0,0
cfd77a6b,8,1,4000
cfd77a6b,9,0,-1000
cfd77a6b,10,1,12000
cfd77a6b,11,0,0
cfd77a6b,12,0,0
cfd77a6b,13,1,12000
cfd77a6b,14,1,8000
cfd77a6b,15,0,0
d0b782c3,0,1,3000
d0b782c3,1,0,-4000
d0b782c3,2,0,0
d0b782c3,3,0,-1000
d0b782c3,4,0,0
d0b782c3,5,0,0
d0b782c3,6,0,-6000
d0b782c3,7,0,0
d0b782c3,8,0,0
d11f06f3,0,0,0
d11f06f3,1,1,2000
d11f06f3,2,0,-4000
d11f06f3,3,0,0
d11f06f3,4,0,-4000
d11f06f3,5,0,0
d11f06f3,6,0,0
d11f06f3,7,0,-1000
d11f06f3,8,0,0
d149b5d8,0,0,-4000
d149b5d8,1,0,-1000
d149b5d8,2,1,6000
d149b5d8,3,0,-1000
d149b5d8,4,1,8000
d149b5d8,5,0,-5000
d149b5d8,6,0,-4000
d149b5d8,7,0,0
d149b5d8,8,0,0
d149b5d8,9,0,0
d1670252,0,0,0
d1670252,1,0,-11000
d1670252,2,0,0
d1670252,3,1,10000
d1670252,4,0,-2000
d1670252,5,0,-1000
d1670252,6,0,0
d1670252,7,1,5000
d1670252,8,0,-6000
d1670252,9,0,-4000
d1670252,10,0,0
d1784578,0,0,-1000
d1784578,1,0,-1000
d1784578,2,0,-1000
d1784578,3,0,-1000
d1784578,4,0,0
d1784578,5,1,2000
d1784578,6,0,0
d1784578,7,1,7000
d1784578,8,0,0
d1784578,9,1,10000
d1784578,10,0,0
d189e933,0,1,1000
d189e933,1,0,-2000
d189e933,2,0,-4000
d189e933,3,1,4000
d189e933,4,0,-1000
d189e933,5,1,4000
d189e933,6,0,-3000
d189e933,7,0,0
d189e933,8,0,-8000
d189e933,9,0,0
d189e933,10,0,0
d190c3a1,0,1,4000
d190c3a1,1,1,1000
d190c3a1,2,0,0
d190c3a1,3,0,-2000
d190c3a1,4,0,-6000
d190c3a1,5,0,0
d190c3a1,6,0,0
d190c3a1,7,0,-1000
d190c3a1,8,1,2000
d190c3a1,9,0,0
d190c3a1,10,0,0
d1989553,0,0,-2000
d1989553,1,0,-4000
d1989553,2,0,-1000
d1989553,3,1,3000
d1989553,4,1,4000
d1989553,5,0,-5000
d1989553,6,1,7000
d1989553,7,0,0
d1989553,8,0,-8000
d1989553,9,1,6000
d1989553,10,0,-3000
d1989553,11,1,1000
d1989553,12,0,0
d1e17270,0,0,-1000
d1e17270,1,0,-4000
d1e17270,2,0,0
d1e17270,3,0,-2000
d1e17270,4,0,0
d1e17270,5,0,-1000
d1e17270,6,0,-8000
d1e17270,7,0,0
d1eae4d0,0,1,3000
d1eae4d0,1,0,-4000
d1eae4d0,2,1,9000
d1eae4d0,3,0,-3000
d1eae4d0,4,1,2000
d1eae4d0,5,1,13000
d1eae4d0,6,0,-6000
d1eae4d0,7,0,-1000
d1eae4d0,8,0,0
d1eae4d0,9,0,-1000
d1eae4d0,10,1,1000
d1eae4d0,11,0,0
d1eae4d0,12,1,1000
d1eae4d0,13,0,0
d216f186,0,0,-1000
d216f186,1,0,-13000
d216f186,2,0,-3000
d216f186,3,0,0
d216f186,4,0,0
d3438b1c,0,0,0
d3438b1c,1,0,-8000
d3438b1c,2,0,-3000
d3438b1c,3,0,-2000
d3438b1c,4,0,-3000
d3438b1c,5,1,12000
d3438b1c,6,0,0
d3438b1c,7,0,-5000
d3438b1c,8,0,0
d375f7cd,0,1,13000
d375f7cd,1,1,12000
d375f7cd,2,0,0
d375f7cd,3,0,-6000
d375f7cd,4,1,1000
d375f7cd,5,0,-9000
d375f7cd,6,1,7000
d375f7cd,7,1,5000
d375f7cd,8,0,-3000
d375f7cd,9,1,5000
d375f7cd,10,0,-5000
d375f7cd,11,1,8000
d375f7cd,12,0,-2000
d375f7cd,13,0,0
d375f7cd,14,0,0
d3d5c665,0,0,-5000
d3d5c665,1,0,0
d3d5c665,2,0,-3000
d3d5c665,3,0,-1000
d3d5c665,4,0,-3000
d3d5c665,5,0,-6000
d3d5c665,6,0,-2000
d3d5c665,7,0,0
d3d5c665,8,0,0
d473a33e,0,1,1000
d473a33e,1,0,0
d473a33e,2,0,-2000
d473a33e,3,0,-2000
d473a33e,4,1,7000
d473a33e,5,0,-2000
d473a33e,6,1,6000
d473a33e,7,0,-2000
d473a33e,8,0,-4000
d473a33e,9,1,9000
d473a33e,10,0,-6000
d473a33e,11,0,0
d49e83a2,0,0,0
d49e83a2,1,0,0
d49e83a2,2,0,-6000
d49e83a2,3,0,-4000
d49e83a2,4,0,-5000
d49e83a2,5,1,4000
d49e83a2,6,0,0
d49e83a2,7,0,-2000
d49e83a2,8,0,0
d49e83a2,9,0,-2000
d49e83a2,10,1,1000
d49e83a2,11,0,0
d4a1bd38,0,1,10000
d4a1bd38,1,0,-1000
d4a1bd38,2,0,-6000
d4a1bd38,3,1,18000
d4a1bd38,4,0,0
d4a1bd38,5,0,0
d4a1bd38,6,0,-1000
d4a1bd38,7,0,0
d4a1bd38,8,1,8000
d4a1bd38,9,1,5000
d4a1bd38,10,0,-4000
d4a1bd38,11,0,0
d6592593,0,1,6000
d6592593,1,1,13000
d6592593,2,0,-1000
d6592593,3,1,15000
d6592593,4,0,0
d6592593,5,0,-1000
d6592593,6,0,0
d6592593,7,0,-3000
d6592593,8,0,0
d6592593,9,0,0
d6592593,10,1,18000
d6592593,11,1,6000
d6592593,12,0,0
d6592593,13,0,0
d68129c1,0,0,-2000
d68129c1,1,0,0
d68129c1,2,1,2000
d68129c1,3,0,0
d68129c1,4,0,-3000
d68129c1,5,0,0
d68129c1,6,0,-2000
d68129c1,7,0,0
d68129c1,8,0,-9000
d68129c1,9,1,2000
d68129c1,10,1,1000
d68129c1,11,1,13000
d68129c1,12,0,-1000
d68129c1,13,1,2000
d68129c1,14,0,0
d68aa764,0,0,-4000
d68aa764,1,0,-1000
d68aa764,2,0,-4000
d68aa764,3,0,0
d68aa764,4,0,-1000
d68aa764,5,0,-2000
d68aa764,6,0,-12000
d68aa764,7,0,0
d788e4b2,0,1,12000
d788e4b2,1,1,8000
d788e4b2,2,0,-2000
d788e4b2,3,0,-7000
d788e4b2,4,0,-1000
d788e4b2,5,0,0
d79bafc8,0,0,0
d79bafc8,1,0,0
d79bafc8,2,0,0
d79bafc8,3,0,0
d79bafc8,4,1,4000
d79bafc8,5,0,-1000
d79bafc8,6,0,-4000
d79bafc8,7,0,-1000
d79bafc8,8,0,0
d7e6ac56,0,0,-4000
d7e6ac56,1,1,12000
d7e6ac56,2,1,13000
d7e6ac56,3,1,3000
d7e6ac56,4,0,0
d7e6ac56,5,1,5000
d7e6ac56,6,0,0
d7e6ac56,7,0,-8000
d7e6ac56,8,0,0
d83c6e99,0,1,13000
d83c6e99,1,0,-2000
d83c6e99,2,1,18000
d83c6e99,3,1,1000
d83c6e99,4,0,-2000
d83c6e99,5,0,-6000
d83c6e99,6,0,-7000
d83c6e99,7,0,0
d8806644,0,0,-4000
d8806644,1,0,-3000
d8806644,2,0,-2000
d8806644,3,0,-1000
d8806644,4,0,-2000
d8806644,5,0,0
d8806644,6,0,0
d8806644,7,0,0
d88808da,0,0,-1000
d88808da,1,1,3000
d88808da,2,1,2000
d88808da,3,1,2000
d88808da,4,0,-2000
d88808da,5,0,0
d88808da,6,0,-1000
d88808da,7,0,-4000
d88808da,8,0,0
d88808da,9,0,0
d88808da,10,0,-2000
d88808da,11,0,0
d8b5f579,0,1,1000
d8b5f579,1,0,-4000
d8b5f579,2,0,-5000
d8b5f579,3,0,-4000
d8b5f579,4,0,0
d8b5f579,5,0,-2000
d8b5f579,6,0,-4000
d8b5f579,7,0,0
d8b5f579,8,1,9000
d8b5f579,9,0,0
d8b5f579,10,0,0
d8b9609e,0,0,0
d8b9609e,1,0,0
d8b9609e,2,0,-1000
d8b9609e,3,0,0
d8b9609e,4,0,-5000
d8b9609e,5,0,-3000
d8b9609e,6,0,-2000
d8b9609e,7,0,-1000
d8b9609e,8,0,-1000
d8b9609e,9,0,0
d929f2cf,0,1,3000
d929f2cf,1,0,-1000
d929f2cf,2,1,19000
d929f2cf,3,0,0
d929f2cf,4,0,-3000
d929f2cf,5,1,8000
d929f2cf,6,0,0
d929f2cf,7,0,0
d9504f71,0,0,0
d9504f71,1,0,0
d9504f71,2,1,2000
d9504f71,3,0,-2000
d9504f71,4,1,1000
d9504f71,5,0,-2000
d9504f71,6,0,-8000
d9504f71,7,1,1000
d9504f71,8,0,-4000
d9504f71,9,1,14000
d9504f71,10,0,-1000
d9504f71,11,0,-1000
d9504f71,12,1,13000
d9504f71,13,0,0
d9b1bfb0,0,0,-1000
d9b1bfb0,1,0,-4000
d9b1bfb0,2,0,-4000
d9b1bfb0,3,0,-2000
d9b1bfb0,4,0,-1000
d9b1bfb0,5,0,-4000
d9b1bfb0,6,0,0
d9b1bfb0,7,0,0
d9b4bbe7,0,0,0
d9b4bbe7,1,0,-1000
d9b4bbe7,2,1,4000
d9b4bbe7,3,0,0
d9b4bbe7,4,0,-1000
d9b4bbe7,5,0,0
d9b4bbe7,6,1,6000
d9b4bbe7,7,1,13000
d9b4bbe7,8,0,-1000
d9b4bbe7,9,0,0
d9ce2d82,0,1,1000
d9ce2d82,1,1,4000
d9ce2d82,2,0,-4000
d9ce2d82,3,0,-3000
d9ce2d82,4,0,-7000
d9ce2d82,5,0,-4000
d9ce2d82,6,0,-4000
d9ce2d82,7,0,0
d9ce2d82,8,0,0
d9ce2d82,9,0,0
da333645,0,0,-1000
da333645,1,0,-9000
da333645,2,1,3000
da333645,3,1,12000
da333645,4,1,6000
da333645,5,1,5000
da333645,6,0,0
da3ed834,0,1,2000
da3ed834,1,0,0
da3ed834,2,1,19000
da3ed834,3,0,-4000
da3ed834,4,0,-4000
da3ed834,5,1,2000
da3ed834,6,1,2000
da3ed834,7,0,-2000
da3ed834,8,0,0
da3ed834,9,1,6000
da3ed834,10,1,7000
da3ed834,11,0,0
da3ed834,13,0,0
da3ed834,14,0,0
daa6689e,0,0,0
daa6689e,1,0,0
daa6689e,2,0,-1000
daa6689e,3,0,-12000
daa6689e,4,0,-7000
daa6689e,5,0,0
db8b7d34,0,0,0
db8b7d34,1,0,-2000
db8b7d34,2,0,0
db8b7d34,3,1,1000
db8b7d34,4,0,0
db8b7d34,5,0,0
db8b7d34,6,1,3000
db8b7d34,7,0,-1000
db8b7d34,8,1,14000
db8b7d34,9,0,-8000
db8b7d34,10,0,0
dc9e6d12,0,0,0
dc9e6d12,1,0,-4000
dc9e6d12,2,0,-1000
dc9e6d12,3,1,1000
dc9e6d12,4,0,0
dc9e6d12,5,0,0
dc9e6d12,6,0,0
dc9e6d12,7,0,0
dc9e6d12,8,0,-2000
dc9e6d12,9,0,0
dcc92c80,0,0,-6000
dcc92c80,1,0,-1000
dcc92c80,2,0,-4000
dcc92c80,3,0,0
dcc92c80,4,0,-2000
dcc92c80,5,0,-1000
dcc92c80,6,0,-1000
dcc92c80,7,0,0
ddfc5988,0,0,-2000
ddfc5988,1,0,0
ddfc5988,2,1,12000
ddfc5988,3,0,-2000
ddfc5988,4,0,-4000
ddfc5988,5,0,0
ddfc5988,6,0,0
ddfc5988,7,1,1000
ddfc5988,8,0,-4000
ddfc5988,9,0,-4000
ddfc5988,10,0,0
de0626fc,0,0,-6000
de0626fc,1,0,-6000
de0626fc,2,0,-2000
de0626fc,3,0,-2000
de0626fc,4,0,-2000
de0626fc,5,0,-6000
de0626fc,6,1,12000
de0626fc,7,0,0
de0626fc,8,0,0
de65e56c,0,0,-1000
de65e56c,1,1,1000
de65e56c,2,1,1000
de65e56c,3,1,4000
de65e56c,4,0,-1000
de65e56c,5,0,-8000
de65e56c,6,1,12000
de65e56c,7,0,0
de65e56c,8,0,-3000
de65e56c,9,0,0
de65e56c,10,1,4000
de65e56c,11,0,0
de65e56c,12,1,13000
de65e56c,13,1,1000
de65e56c,14,0,-1000
de65e56c,15,1,6000
de65e56c,16,1,14000
de65e56c,17,0,-4000
de65e56c,18,0,0
de79bdad,0,0,0
de79bdad,1,1,2000
de79bdad,2,0,0
de79bdad,3,0,0
de79bdad,4,1,13000
de79bdad,5,0,0
de79bdad,6,1,2000
de79bdad,7,0,-4000
de79bdad,8,0,-1000
de79bdad,9,0,0
de79bdad,10,0,-1000
de79bdad,11,0,0
de8d42d1,0,0,0
de8d42d1,1,0,0
de8d42d1,2,1,3000
de8d42d1,3,1,4000
de8d42d1,4,0,-4000
de8d42d1,5,0,0
de8d42d1,6,1,12000
de8d42d1,7,0,0
de8d42d1,8,0,-6000
de8d42d1,9,0,0
de8d42d1,10,0,0
df70caa3,0,0,-3000
df70caa3,1,0,-1000
df70caa3,2,0,-4000
df70caa3,3,1,2000
df70caa3,4,1,20000
df70caa3,5,0,0
df70caa3,6,0,0
df70caa3,7,0,-1000
df70caa3,8,0,0
df71714d,0,1,8000
df71714d,1,1,2000
df71714d,2,0,0
df71714d,3,1,13000
df71714d,4,0,-13000
df71714d,5,0,-1000
df71714d,6,0,-2000
df71714d,7,0,0
df71714d,8,0,-3000
df71714d,9,0,0
df71714d,10,0,-1000
df71714d,11,0,0
e09db923,0,0,0
e09db923,1,0,-3000
e09db923,2,0,-7000
e09db923,3,0,-4000
e09db923,4,0,0
e09db923,5,0,-6000
e09db923,6,0,-8000
e09db923,7,0,0
e0b03875,0,0,-4000
e0b03875,1,0,0
e0b03875,2,1,12000
e0b03875,3,0,-1000
e0b03875,4,0,-1000
e0b03875,5,0,-1000
e0b03875,6,0,0
e0b03875,7,0,-2000
e0b03875,8,0,0
e2f0c990,0,0,-1000
e2f0c990,1,1,12000
e2f0c990,2,1,7000
e2f0c990,3,0,-5000
e2f0c990,4,0,-7000
e2f0c990,5,1,12000
e2f0c990,6,0,0
e2f0c990,7,0,0
e2f0c990,8,0,-3000
e2f0c990,9,0,-2000
e2f0c990,10,0,0
e4149417,0,0,0
e4149417,1,1,13000
e4149417,2,0,-1000
e4149417,3,1,9000
e4149417,4,0,-6000
e4149417,5,0,-1000
e4149417,6,1,1000
e4149417,7,0,-2000
e4149417,8,0,0
e4149417,9,0,0
e4149417,10,0,0
e44aefe4,0,0,0
e44aefe4,1,1,4000
e44aefe4,2,0,-1000
e44aefe4,3,0,-6000
e44aefe4,4,0,-4000
e44aefe4,5,0,0
e44aefe4,6,1,3000
e44aefe4,7,0,-4000
e44aefe4,8,0,-1000
e44aefe4,9,0,0
e4cc7e4c,0,0,-4000
e4cc7e4c,1,0,0
e4cc7e4c,2,1,2000
e4cc7e4c,3,1,13000
e4cc7e4c,4,0,0
e4cc7e4c,5,0,-1000
e4cc7e4c,6,1,2000
e4cc7e4c,7,1,25000
e4cc7e4c,8,0,-4000
e4cc7e4c,9,0,0
e63b55ca,0,0,-1000
e63b55ca,1,0,-2000
e63b55ca,2,0,-4000
e63b55ca,3,0,-2000
e63b55ca,4,0,-2000
e63b55ca,5,1,3000
e63b55ca,6,0,-1000
e63b55ca,7,0,0
e63b55ca,8,0,0
e71a2ffe,0,0,0
e71a2ffe,1,0,-1000
e71a2ffe,2,0,-1000
e71a2ffe,3,0,-3000
e71a2ffe,4,0,-1000
e71a2ffe,5,0,-3000
e71a2ffe,6,1,3000
e71a2ffe,7,0,0
e71a2ffe,8,0,0
e918b25a,0,0,-3000
e918b25a,1,0,-4000
e918b25a,2,0,-1000
e918b25a,3,1,13000
e918b25a,4,1,2000
e918b25a,5,0,-4000
e918b25a,6,0,-1000
e918b25a,7,0,0
e918b25a,8,0,0
e9850cea,0,1,1000
e9850cea,1,0,-3000
e9850cea,2,0,0
e9850cea,3,0,0
e9850cea,4,0,-3000
e9850cea,5,1,2000
e9850cea,6,0,0
e9850cea,7,0,-1000
e9850cea,8,1,5000
e9850cea,9,0,0
e9850cea,10,0,0
e9850cea,11,1,4000
e9850cea,12,0,0
e9d82108,0,0,-6000
e9d82108,1,0,-5000
e9d82108,2,1,6000
e9d82108,3,0,0
e9d82108,4,0,-4000
e9d82108,5,1,4000
e9d82108,6,0,-2000
e9d82108,7,1,2000
e9d82108,8,0,0
e9d82108,9,0,-1000
e9d82108,10,0,0
eae1c6e1,0,0,-3000
eae1c6e1,1,1,1000
eae1c6e1,2,0,-5000
eae1c6e1,3,1,9000
eae1c6e1,4,1,7000
eae1c6e1,5,0,-3000
eae1c6e1,6,0,-4000
eae1c6e1,7,0,-5000
eae1c6e1,8,1,2000
eae1c6e1,9,0,-1000
eae1c6e1,10,0,-1000
eae1c6e1,11,1,4000
eae1c6e1,12,0,0
eb72060b,0,0,0
eb72060b,1,0,0
eb72060b,2,0,-1000
eb72060b,3,0,-1000
eb72060b,4,0,0
eb72060b,5,1,4000
eb72060b,6,0,-1000
eb72060b,7,0,0
eb72060b,8,0,0
eb72060b,9,0,-1000
eb72060b,10,1,1000
eb72060b,11,0,0
ebb38750,0,0,0
ebb38750,1,1,3000
ebb38750,2,0,0
ebb38750,3,0,-6000
ebb38750,4,0,-6000
ebb38750,5,0,-1000
ebb38750,6,1,3000
ebb38750,7,1,4000
ebb38750,8,0,-1000
ebb38750,9,0,-1000
ebb38750,10,0,0
ec2cff06,0,0,-6000
ec2cff06,1,1,3000
ec2cff06,2,0,-4000
ec2cff06,3,0,0
ec2cff06,4,0,-4000
ec2cff06,5,0,-2000
ec2cff06,6,1,12000
ec2cff06,7,1,3000
ec2cff06,8,0,-2000
ec2cff06,9,0,0
ec2cff06,10,1,3000
ec2cff06,11,0,0
ec4cfd9e,0,0,-3000
ec4cfd9e,1,0,-6000
ec4cfd9e,2,0,0
ec4cfd9e,3,1,1000
ec4cfd9e,4,1,3000
ec4cfd9e,5,0,-1000
ec4cfd9e,6,0,0
ec4cfd9e,7,1,6000
ec4cfd9e,8,0,-14000
ec4cfd9e,9,0,-1000
ec4cfd9e,10,0,-2000
ec4cfd9e,11,0,0
ec52695c,0,0,-2000
ec52695c,1,1,12000
ec52695c,2,0,-2000
ec52695c,3,1,4000
ec52695c,4,1,8000
ec52695c,5,1,13000
ec52695c,6,0,-5000
ec52695c,7,1,12000
ec52695c,8,0,-1000
ec52695c,9,1,1000
ec52695c,10,0,-2000
ec52695c,11,0,0
ec52695c,12,0,-4000
ec52695c,13,1,7000
ec52695c,14,0,0
ec64352b,0,0,0
ec64352b,1,0,-1000
ec64352b,2,0,-2000
ec64352b,3,0,0
ec64352b,4,0,-13000
ec64352b,5,0,-4000
ec64352b,6,0,-1000
ec64352b,7,0,0
ec69f151,0,0,-4000
ec69f151,1,0,0
ec69f151,2,0,-5000
ec69f151,3,1,1000
ec69f151,4,0,-1000
ec69f151,5,1,3000
ec69f151,6,0,-3000
ec69f151,7,0,-4000
ec69f151,8,0,-4000
ec69f151,9,0,0
ec944ada,0,0,0
ec944ada,1,1,4000
ec944ada,2,0,-1000
ec944ada,3,0,0
ec944ada,4,0,0
ec944ada,5,0,-4000
ec944ada,6,0,-2000
ec944ada,7,0,-3000
ec944ada,8,0,0
ec944ada,9,0,-4000
ec944ada,10,0,-4000
ec944ada,11,0,-1000
ec944ada,12,0,0
ecd1a267,0,0,-1000
ecd1a267,1,0,-2000
ecd1a267,2,0,-3000
ecd1a267,3,0,0
ecd1a267,4,0,0
ecd1a267,5,0,-6000
ecd1a267,6,0,-1000
ecd1a267,7,1,1000
ecd1a267,8,0,-2000
ecd1a267,9,0,0
ecd38426,0,0,-3000
ecd38426,1,0,-4000
ecd38426,2,0,0
ecd38426,3,0,0
ecd38426,4,0,-1000
ecd38426,5,1,7000
ecd38426,6,1,2000
ecd38426,7,1,5000
ecd38426,8,0,-4000
ecd38426,9,0,-4000
ecd38426,10,0,0
ed092962,0,0,-1000
ed092962,1,1,13000
ed092962,2,0,-1000
ed092962,3,1,2000
ed092962,4,0,0
ed092962,5,1,5000
ed092962,6,0,0
ed092962,7,1,3000
ed092962,8,0,0
ed092962,9,1,7000
ed092962,10,1,12000
ed092962,11,0,-3000
ed092962,12,1,7000
ed092962,13,0,-1000
ed092962,14,0,-1000
ed092962,15,1,12000
ed092962,16,0,0
ed6675fe,0,0,-8000
ed6675fe,1,0,-8000
ed6675fe,2,0,0
ed6675fe,3,0,-4000
ed6675fe,4,1,19000
ed6675fe,5,0,-2000
ed6675fe,6,0,-6000
ed6675fe,7,0,-2000
ed6675fe,8,1,11000
ed6675fe,9,0,0
ed6675fe,10,0,0
ed7b46a2,0,1,1000
ed7b46a2,1,1,13000
ed7b46a2,2,1,14000
ed7b46a2,3,0,-7000
ed7b46a2,4,0,-1000
ed7b46a2,5,0,-8000
ed7b46a2,6,0,-1000
ed7b46a2,7,0,-1000
ed7b46a2,8,0,0
ed7b46a2,9,0,0
ed7b46a2,10,1,3000
ed7b46a2,11,1,2000
ed7b46a2,12,1,3000
ed7b46a2,13,0,0
ed7ddbf3,0,0,-1000
ed7ddbf3,1,1,3000
ed7ddbf3,2,1,3000
ed7ddbf3,3,1,9000
ed7ddbf3,4,0,-3000
ed7ddbf3,5,0,-3000
ed7ddbf3,6,0,-12000
ed7ddbf3,7,1,12000
ed7ddbf3,8,0,-4000
ed7ddbf3,9,0,0
ed7ddbf3,10,0,-2000
ed7ddbf3,11,0,0
ee3657da,0,0,-3000
ee3657da,1,0,-1000
ee3657da,2,0,-1000
ee3657da,3,0,-2000
ee3657da,4,1,6000
ee3657da,5,1,7000
ee3657da,6,0,-3000
ee3657da,7,0,-2000
ee3657da,8,0,-5000
ee3657da,9,0,0
ee6ff0b4,0,1,5000
ee6ff0b4,1,0,-1000
ee6ff0b4,2,0,-2000
ee6ff0b4,3,0,-4000
ee6ff0b4,4,0,0
ee6ff0b4,5,0,0
ee6ff0b4,6,1,2000
ee6ff0b4,7,0,0
ee6ff0b4,8,1,1000
ee6ff0b4,9,1,18000
ee6ff0b4,10,0,-6000
ee6ff0b4,11,0,0
ee86c7ca,0,0,0
efcd92bd,0,1,5000
efcd92bd,1,0,-2000
efcd92bd,2,0,-12000
efcd92bd,3,1,12000
efcd92bd,4,1,13000
efcd92bd,5,0,0
efcd92bd,6,0,-2000
efcd92bd,7,1,1000
efcd92bd,8,0,0
efcd92bd,9,0,0
efcd92bd,10,0,-3000
efcd92bd,11,0,0
efff8ecd,0,1,12000
efff8ecd,1,1,3000
efff8ecd,2,0,-1000
efff8ecd,3,0,-1000
efff8ecd,4,1,4000
efff8ecd,5,0,0
efff8ecd,6,0,-3000
efff8ecd,7,1,1000
efff8ecd,8,1,11000
efff8ecd,9,0,0
f06d8e02,0,1,5000
f06d8e02,1,0,-2000
f06d8e02,2,0,-3000
f06d8e02,3,1,4000
f06d8e02,4,0,-2000
f06d8e02,5,0,-1000
f06d8e02,6,0,0
f06d8e02,7,0,0
f06d8e02,8,0,-3000
f06d8e02,9,0,0
f0a2257b,0,0,-1000
f0a2257b,1,0,-7000
f0a2257b,2,1,12000
f0a2257b,3,0,0
f0a2257b,4,1,3000
f0a2257b,5,0,0
f142e998,0,0,-4000
f142e998,1,1,2000
f142e998,2,0,-1000
f142e998,3,0,0
f142e998,4,0,0
f142e998,5,1,7000
f142e998,6,1,5000
f142e998,7,0,0
f142e998,8,1,12000
f142e998,9,0,0
f142e998,10,0,0
f142e998,11,0,0
f27b4ec8,0,0,-4000
f27b4ec8,1,0,-4000
f27b4ec8,2,1,1000
f27b4ec8,3,0,-1000
f27b4ec8,4,0,-4000
f27b4ec8,5,1,5000
f27b4ec8,6,0,0
f27b4ec8,7,1,3000
f27b4ec8,8,1,8000
f27b4ec8,9,1,13000
f27b4ec8,10,0,-6000
f27b4ec8,11,0,-4000
f27b4ec8,12,0,0
f35a4be7,0,0,-1000
f35a4be7,1,1,2000
f35a4be7,2,0,-14000
f35a4be7,3,1,12000
f35a4be7,4,1,3000
f35a4be7,5,0,-2000
f35a4be7,6,0,-1000
f35a4be7,7,0,-1000
f35a4be7,8,0,0
f35a4be7,9,0,0
f35a4be7,10,0,0
f38b4018,0,0,-4000
f38b4018,1,0,-1000
f38b4018,2,1,6000
f38b4018,3,0,-4000
f38b4018,4,1,18000
f38b4018,5,0,-2000
f38b4018,6,0,0
f3917469,0,0,0
f3917469,1,0,-2000
f3917469,2,0,-3000
f3917469,3,0,-4000
f3917469,4,0,-1000
f3917469,5,0,-1000
f3917469,6,1,2000
f3917469,7,0,-1000
f3917469,8,0,0
f447e2a6,0,0,0
f447e2a6,1,1,2000
f447e2a6,2,0,-1000
f447e2a6,3,0,-5000
f447e2a6,4,1,2000
f447e2a6,5,0,-2000
f447e2a6,6,0,-2000
f447e2a6,7,0,0
f447e2a6,8,1,1000
f447e2a6,9,0,0
f447e2a6,10,0,0
f4a02dfa,0,0,-4000
f4a02dfa,1,0,-8000
f4a02dfa,2,1,12000
f4a02dfa,3,0,0
f4a02dfa,4,0,-3000
f4a02dfa,5,0,0
f4a02dfa,6,1,1000
f4a02dfa,7,1,19000
f4a02dfa,8,0,-5000
f4a02dfa,9,0,-1000
f4a02dfa,10,0,-4000
f4a02dfa,11,0,0
f4d55401,0,0,-1000
f4d55401,1,0,0
f4d55401,2,0,-8000
f4d55401,3,0,0
f4d55401,4,0,-1000
f4d55401,5,0,-6000
f4d55401,6,1,5000
f4d55401,7,0,0
f4d55401,8,0,0
f4eb8b6e,0,0,-1000
f4eb8b6e,1,0,-1000
f4eb8b6e,2,0,-4000
f4eb8b6e,3,0,0
f4eb8b6e,4,0,0
f4eb8b6e,5,0,0
f4eb8b6e,6,1,3000
f4eb8b6e,7,0,0
f4eb8b6e,8,0,0
f50f1ef4,0,1,2000
f50f1ef4,1,0,0
f50f1ef4,2,0,-4000
f50f1ef4,3,0,-3000
f50f1ef4,4,0,0
f50f1ef4,5,1,18000
f50f1ef4,6,0,-3000
f50f1ef4,7,0,-2000
f50f1ef4,8,0,-2000
f50f1ef4,9,1,4000
f50f1ef4,10,1,5000
f50f1ef4,11,0,0
f5447562,0,1,8000
f5447562,1,0,-1000
f5447562,2,0,-2000
f5447562,3,0,-6000
f5447562,4,0,0
f5447562,5,0,-4000
f5447562,6,0,0
f5447562,7,0,-6000
f5447562,8,0,-2000
f5447562,9,0,0
f5447562,10,0,0
f5447562,11,0,-1000
f5447562,12,0,-4000
f5447562,13,0,0
f55e0fef,0,0,-2000
f55e0fef,1,1,2000
f55e0fef,2,0,-2000
f55e0fef,3,0,-2000
f55e0fef,4,1,1000
f55e0fef,5,0,-3000
f55e0fef,6,0,0
f55e0fef,7,0,-2000
f55e0fef,8,1,13000
f55e0fef,9,0,-4000
f55e0fef,10,0,0
f561d877,0,0,0
f561d877,1,1,9000
f561d877,2,0,-1000
f561d877,3,0,-1000
f561d877,4,0,0
f561d877,5,0,0
f561d877,6,0,0
f561d877,7,0,-1000
f561d877,8,0,0
f561d877,9,0,-2000
f561d877,10,0,-2000
f561d877,11,0,0
f5c9b0d3,0,1,13000
f5c9b0d3,1,0,-1000
f5c9b0d3,2,0,-4000
f5c9b0d3,3,0,0
f5c9b0d3,4,1,2000
f5c9b0d3,5,0,-6000
f5c9b0d3,6,0,-1000
f5c9b0d3,7,0,0
f5c9b0d3,8,1,3000
f5c9b0d3,9,1,2000
f5c9b0d3,10,0,0
f5fd8003,0,0,-4000
f5fd8003,1,0,0
f5fd8003,2,0,-6000
f5fd8003,3,0,0
f5fd8003,4,0,0
f5fd8003,5,0,0
f5fd8003,6,0,0
f5fd8003,7,0,-1000
f5fd8003,8,0,0
f792d187,0,1,5000
f792d187,1,0,0
f792d187,2,1,9000
f792d187,3,0,-9000
f792d187,4,0,-2000
f792d187,5,0,-2000
f792d187,6,0,-1000
f792d187,7,0,-2000
f792d187,8,1,18000
f792d187,9,1,12000
f792d187,10,0,0
f792d187,11,1,8000
f792d187,12,0,0
f94ed271,0,0,-4000
f94ed271,1,1,1000
f94ed271,2,0,-7000
f94ed271,4,1,6000
f94ed271,5,0,-3000
f94ed271,6,1,8000
f94ed271,7,0,-1000
f94ed271,8,0,-6000
f94ed271,9,0,-1000
f94ed271,10,0,0
f94ed271,11,0,0
f99ca887,0,0,-1000
f99ca887,1,1,8000
f99ca887,2,0,-7000
f99ca887,3,0,0
f99ca887,4,0,0
f99ca887,5,0,-2000
f99ca887,6,0,0
fc22f709,0,0,-1000
fc22f709,1,0,0
fc22f709,2,0,-1000
fc22f709,3,0,0
fc22f709,4,0,0
fc22f709,5,0,0
fc22f709,6,0,0
fc22f709,7,1,1000
fc22f709,8,0,-4000
fc22f709,9,1,4000
fc22f709,10,0,0
fc2fd22b,0,1,12000
fc2fd22b,1,1,12000
fc2fd22b,2,0,-4000
fc2fd22b,3,0,-4000
fc2fd22b,4,0,0
fc2fd22b,5,0,-2000
fc2fd22b,6,1,1000
fc2fd22b,7,0,0
fc2fd22b,8,1,6000
fc2fd22b,9,0,0
fc2fd22b,10,0,-13000
fc2fd22b,11,0,-6000
fc2fd22b,12,0,0
fce7dd81,0,0,-2000
fce7dd81,1,0,-4000
fce7dd81,2,0,-4000
fce7dd81,3,1,1000
fce7dd81,4,0,-4000
fce7dd81,5,0,-3000
fce7dd81,6,0,-1000
fce7dd81,7,0,-4000
fce7dd81,8,0,0
fd6d6e24,1,1,1000
fd6d6e24,2,0,0
fd6d6e24,3,1,7000
fd6d6e24,4,0,0
fd6d6e24,5,1,1000
fd6d6e24,6,0,-3000
fd6d6e24,7,0,0
fd6d6e24,8,0,0
fd6d6e24,9,1,2000
fd6d6e24,10,1,10000
fd6d6e24,11,1,2000
fd6d6e24,12,0,0
fd6d6e24,13,0,-3000
fd6d6e24,14,0,0
fdd76dfd,0,1,10000
fdd76dfd,1,0,-13000
fdd76dfd,2,0,-1000
fdd76dfd,3,0,-4000
fdd76dfd,4,0,-4000
fdd76dfd,5,0,0
fdd76dfd,6,0,0
fdd76dfd,7,0,0
fdd76dfd,8,0,0
fe16c065,0,1,18000
fe16c065,1,0,0
fe16c065,2,0,-4000
fe16c065,3,0,-1000
fe16c065,4,1,19000
fe16c065,5,0,-3000
fe16c065,6,0,0
fe16c065,7,0,0
ff0078ae,0,1,6000
ff0078ae,1,0,0
ff0078ae,2,0,0
ff0078ae,3,1,1000
ff0078ae,4,0,-2000
ff0078ae,5,0,0
ff0078ae,6,0,-4000
ff0078ae,7,0,0
ff0744b2,0,0,-1000
ff0744b2,1,1,7000
ff0744b2,2,0,0
ff0744b2,3,0,0
ff0744b2,4,0,-2000
ff0744b2,5,1,3000
ff0744b2,6,0,-4000
ff0744b2,7,0,0
